-- phpMyAdmin SQL Dump
-- version 5.2.0
-- https://www.phpmyadmin.net/
--
-- Servidor: 127.0.0.1
-- Tiempo de generación: 22-10-2022 a las 00:09:27
-- Versión del servidor: 10.4.24-MariaDB
-- Versión de PHP: 8.1.6

SET SQL_MODE = "NO_AUTO_VALUE_ON_ZERO";
START TRANSACTION;
SET time_zone = "+00:00";


/*!40101 SET @OLD_CHARACTER_SET_CLIENT=@@CHARACTER_SET_CLIENT */;
/*!40101 SET @OLD_CHARACTER_SET_RESULTS=@@CHARACTER_SET_RESULTS */;
/*!40101 SET @OLD_COLLATION_CONNECTION=@@COLLATION_CONNECTION */;
/*!40101 SET NAMES utf8mb4 */;

--
-- Base de datos: `registro`
--

-- --------------------------------------------------------

--
-- Estructura de tabla para la tabla `chats`
--

CREATE TABLE `chats` (
  `id_cha` int(11) NOT NULL,
  `id_cch` int(11) NOT NULL,
  `de` int(11) NOT NULL,
  `para` int(11) NOT NULL,
  `mensaje` varchar(500) NOT NULL,
  `fecha` datetime NOT NULL,
  `leido` int(11) NOT NULL
) ENGINE=InnoDB DEFAULT CHARSET=utf8mb4;

--
-- Volcado de datos para la tabla `chats`
--

INSERT INTO `chats` (`id_cha`, `id_cch`, `de`, `para`, `mensaje`, `fecha`, `leido`) VALUES
(3, 4, 80, 91, 'hola', '2022-07-30 02:33:54', 0),
(4, 4, 80, 91, 'hola', '2022-07-30 02:38:35', 0),
(5, 3, 80, 89, 'das', '2022-07-30 02:41:07', 0),
(6, 4, 80, 91, 'pete', '2022-07-30 03:40:50', 0),
(7, 4, 80, 91, 'dasd', '2022-07-30 12:50:58', 0),
(8, 5, 80, 85, '', '2022-07-30 14:42:55', 0),
(9, 4, 80, 91, 'pete2', '2022-07-30 14:51:33', 0),
(10, 6, 80, 0, '', '2022-07-30 17:39:47', 0),
(11, 4, 80, 91, 'hgfhgfh', '2022-07-30 17:40:01', 0),
(12, 7, 80, 83, 'dsfsdf', '2022-07-30 17:53:29', 0),
(13, 7, 80, 83, 'fdsf', '2022-07-30 17:53:34', 0),
(14, 7, 80, 83, 'fgfdg', '2022-07-30 17:55:53', 0),
(15, 3, 80, 89, 'dfgdfg', '2022-07-30 18:02:06', 0),
(16, 2, 80, 80, 'gdfg', '2022-07-30 18:02:11', 0),
(17, 5, 80, 85, 'dsfsd', '2022-07-30 18:03:15', 0),
(18, 7, 80, 83, 'puto', '2022-07-30 18:04:28', 0),
(19, 3, 80, 89, 'hola', '2022-07-31 16:39:44', 0),
(20, 4, 80, 91, 'hgfh', '2022-07-31 16:40:41', 0),
(21, 2, 80, 80, 'miriam', '2022-07-31 16:43:20', 0),
(22, 7, 80, 83, 'pito', '2022-07-31 16:43:27', 0),
(23, 7, 80, 83, 'dfg', '2022-07-31 16:44:12', 0),
(24, 7, 80, 83, 'hola', '2022-07-31 16:47:02', 0),
(25, 7, 83, 80, 'que trolo que sos man', '2022-07-31 16:56:44', 0),
(26, 8, 83, 83, 'juan diego', '2022-07-31 16:57:09', 0),
(27, 5, 85, 80, 'que cara de pene', '2022-07-31 16:59:10', 0),
(28, 5, 85, 80, 'juan', '2022-07-31 17:06:07', 0),
(29, 9, 83, 85, 'as', '2022-07-31 17:08:02', 0),
(30, 8, 83, 83, 'pene', '2022-07-31 17:09:40', 0),
(31, 10, 83, 89, 'fdgdf', '2022-07-31 17:09:54', 0),
(32, 9, 83, 85, 'PEDRO', '2022-07-31 17:12:46', 0),
(33, 9, 85, 83, 'CARLOS', '2022-07-31 17:12:54', 0),
(34, 11, 0, 83, 'j', '2022-08-01 02:10:18', 0),
(35, 7, 80, 83, 'disculpa ', '2022-08-01 02:16:05', 0),
(36, 7, 80, 83, 'xd', '2022-08-01 02:16:12', 0);

-- --------------------------------------------------------

--
-- Estructura de tabla para la tabla `clases`
--

CREATE TABLE `clases` (
  `idclase` int(11) NOT NULL,
  `entrenador` varchar(22) NOT NULL,
  `modalidad` varchar(22) NOT NULL,
  `fecha` varchar(22) NOT NULL,
  `hora` varchar(22) NOT NULL,
  `cupos` int(22) NOT NULL,
  `estado` int(5) NOT NULL
) ENGINE=InnoDB DEFAULT CHARSET=utf8mb4;

--
-- Volcado de datos para la tabla `clases`
--

INSERT INTO `clases` (`idclase`, `entrenador`, `modalidad`, `fecha`, `hora`, `cupos`, `estado`) VALUES
(5, 'agustin', 'Presencial', '17/10/2022', '18:30 hs', 0, 1),
(6, 'ENTRENADOR', 'Virtual', '14/10/2022', '14:30 hs', 48, 0),
(8, 'ENTRENADOR', 'Vitual', '', '', 10, 0),
(9, 'ENTRENADOR', 'Vitual', '', '', 10, 0),
(10, 'ENTRENADOR', 'Presencial', '30/12/2022', '14:30 hs', 14, 0),
(11, 'ENTRENADOR', 'Presencial', '', '15:30', 10, 0),
(12, 'ENTRENADOR', 'Presencial', '', '15:30', 10, 0),
(13, 'ENTRENADOR', 'Presencial', '', '15:30', 10, 0),
(14, 'ENTRENADOR', 'Vitual', '12/10/2022', '16:00', 15, 0),
(15, 'ENTRENADOR', 'Vitual', '12/10/2022', '16:00', 15, 0),
(16, 'ENTRENADOR', 'Vitual', '12/10/2022', '16:00', 14, 0),
(17, 'ENTRENADOR', 'Presencial', '25/10/2022', '12:00', 18, 0),
(18, 'ENTRENADOR', 'Presencial', '25/10/2022', '12:00', 18, 0);

-- --------------------------------------------------------

--
-- Estructura de tabla para la tabla `clases_clientes`
--

CREATE TABLE `clases_clientes` (
  `idclase` int(11) NOT NULL,
  `usuario` int(30) NOT NULL,
  `ai_id` int(11) NOT NULL
) ENGINE=InnoDB DEFAULT CHARSET=utf8mb4;

--
-- Volcado de datos para la tabla `clases_clientes`
--

INSERT INTO `clases_clientes` (`idclase`, `usuario`, `ai_id`) VALUES
(5, 83, 68),
(6, 83, 69),
(10, 83, 70),
(16, 83, 71);

-- --------------------------------------------------------

--
-- Estructura de tabla para la tabla `c_chats`
--

CREATE TABLE `c_chats` (
  `id_cch` int(11) NOT NULL,
  `de` int(11) NOT NULL,
  `para` int(11) NOT NULL
) ENGINE=InnoDB DEFAULT CHARSET=utf8mb4;

--
-- Volcado de datos para la tabla `c_chats`
--

INSERT INTO `c_chats` (`id_cch`, `de`, `para`) VALUES
(2, 80, 80),
(3, 80, 89),
(4, 80, 91),
(5, 80, 85),
(6, 80, 0),
(7, 80, 83),
(8, 83, 83),
(9, 83, 85),
(10, 83, 89),
(11, 0, 83);

-- --------------------------------------------------------

--
-- Estructura de tabla para la tabla `datos`
--

CREATE TABLE `datos` (
  `idusuario` int(9) NOT NULL,
  `nombre` varchar(100) NOT NULL,
  `apellido` varchar(100) NOT NULL,
  `usuario` varchar(100) NOT NULL,
  `dni` int(8) NOT NULL,
  `correo` varchar(100) NOT NULL,
  `contraseña` varchar(100) NOT NULL,
  `image` longblob NOT NULL,
  `created` datetime NOT NULL,
  `status` varchar(255) NOT NULL,
  `id_rol` int(11) NOT NULL,
  `pesoinicial` varchar(11) NOT NULL,
  `pesoactual` varchar(11) NOT NULL,
  `pesoideal` varchar(11) NOT NULL,
  `estado_cuenta` int(1) NOT NULL
) ENGINE=InnoDB DEFAULT CHARSET=utf8mb4;

--
-- Volcado de datos para la tabla `datos`
--

INSERT INTO `datos` (`idusuario`, `nombre`, `apellido`, `usuario`, `dni`, `correo`, `contraseña`, `image`, `created`, `status`, `id_rol`, `pesoinicial`, `pesoactual`, `pesoideal`, `estado_cuenta`) VALUES
(80, 'ENTRENADOR', 'ENTRENADOR', 'ENTRENADOR', 1, 'ENTRENADOR', 'ENTRENADOR', 0xffd8ffe000104a46494600010100000100010000ffe1005645786966000049492a000800000002000e010200210000002600000031010200070000004700000000000000496c6c757374726174696f6e206f6620746865206174207369676e2069636f6e00476f6f676c6500ffed007450686f746f73686f7020332e30003842494d040400000000003b1c0100000200041c015a00031b25471c0200000200041c02780020496c6c757374726174696f6e206f6620746865206174207369676e2069636f6e003842494d04250000000000102505be70fc968dd6e9e2a28fc8a8e845ffdb00840003020203020e0a0e090a0a0a0f0a0d100a0f0e10110f0b080e0d0a0a0d0d0a0a110b0d0e0a0e0e0b0a0b0d0a0b0d0b08080d0f0a0d0d0e0d0d100a0d0d0e0d0a010304040605060a06060a100e0b0e0f100e130f0f100f0f1015101110100e12100e110f0f0f100f10100f0f0f10101011100f0f0e120e100f0f100f0d0d0f0f0fffc00011080058005803011100021101031101ffc4001d000002020301010100000000000000000007080609030405000102ffc40045100002010203050405070a04070000000001020304110005210607081231134151610922237191143242526281a1243372738292a2a3b1c153d2f0f115448394d1d3e1ffc4001c0100020203010100000000000000000000060704050003080201ffc400401100010203050505040707050100000000010203000411050621314112516171912281a1b1d1133252c11423426292a2f0435372b2d2e1f115162454c2e2ffda000c03010002110311003f00b53c64647b191910ede2ef8762b74aa1abeae1a7e604aab1bccf61721225e692423c228d8e274a484c4e2b625db2a3c061de721df115f996984953aa00678c2d1b6de92cd95cbb98505154d511d1e42b4b01f317134ba783d321274f3c1e4a5c59c7285f5a50377bc7e43f3181399bd928d54360a8f8409b3df48f6f2abcfb0a6a0817c19659e4fdfed215fe4e09d8b852891f5ae2d4785123a515e703cedf2749fab6c01c6a4c476a38f9df14fd25a64fd1856dfc45ff00ae27a6e3d9a33db3cd5e8044155ee9c3904f4fef1f6978fadefd3f5969dbdf12dbf84aff005c61b8f669f8c7257a831f05ee9d1a27a1f5892e41e919de3521f6d0504cbe0165824bfeb3b5957f91882f5c19450faa7560f1a2be49f3896ddf47d27eb1a047024418b61fd235b2999586614951464f57422aa947bd94472ebd6cb4a6de3e22d3b716719a9616958ddee9f1ecfe682294bdd26f765caa0f1c619ad8ade0ecd6f193b4a2a88aa13a128c1b94dafcac3aab5be8c8011e180199947a557ecdf414ab7114e9bc418b130d3e9da69414381ac4871122446867b9ee5db30924b5122431c4a647772122455176666360140d49274c7b4214e282100951c0018927708f84802a6106dfe7a41b37cfcbc5925e08fa1aa65fca5fc7b385d48893a5a4a8469181368e0215d9bf62dc9140f5a19feec1fe623c87538885bdad7ad29fab93c4fc5a776f84f2aebaab3976666927964d59d98c933102d7695cb31b0b0bbb1b74d30d369a6d8486d94800680507842e5f7dc78fb4985f798256eab861de2ef94834f172477b195bd4a71d6fed483cc4116229d242a7a80314769db92b676130e76be04f695dfa27bc8ae91616759afcf632cd129f8d7d94eb96a72d32d61a6d8cf462ecf4401cc2b6a263d7962b469e6bcedce587988d0dbc3ae16b377e1c51a4bb400deb25479d01481e30c195ba8948abce54ee42401e3b47ca09d45e8f8dc5d25b9a8a4908ef69ea01f824a83f87038bbd3692bf680724a7d2b0402c393028515ef3eb1a99a7a3b772f5818450d55396fa49513b91e61677a84d3c0c6479636b77bad34115701a68529f1a007c63e3b61493a9d92d81c4607f5ce02bbc1f4696779602d9657ad4587e6aa544729d7522a615e4bf2f456a2009eaea0dc1648dfd35a4db586f47a1e3f7bba06e6ee832ba99756c9dc711ebe3871854f69f65f69f763218ab209696402fc8e3461a5d91d4b472a0b8064a791d41f5490d701a523694bcf23da4bac28788e633196b0b6b46c97a50ecbe8e4465dc63a7b13b51996ce4825a199e96751a14360c3a952350ca7425245653de0f5c489a92979d6fd93e80a4ee3e6350788a18ab627a66ce5875b51a6fd473de21ff00e19b8c1a7de895a6cc024153d1587ab04f6ee0093c9378c6490fd50ebc888abc574dcb3819897254cebf1279ef1c7b8ef2e7b06f3376851a7681cd371e5c78428dc54f13f986ff002531c25a3a385bd9c7d0ccc87d5a9917dfeb4513fe685998097e6306ecddb4d9c80fbe2af11f846e1c779ee1866276fdbea9b51658346c6bbffb79f280ae5b934b9a7d951d4ff61feb4c1f04954003b309646f56821ece18f82ba28d527cce2d1acf1d31d34ea249bbc96d0884e806925ee6344ede3be041329672a80605c199e083ff00accfd9a0c4b2eefdd52e0137690a938a5b3a0fbc3ff3f8b124073e9e9e2a400280a1458002ca00e8001a003b80e98509249a9ce1b000028238bb59b7bb33b06bcd59554f4cbe32ba44a7c8172b73e431218967a615b2ca14a3b9209f28d6e3a86c556a0399a40b736e36372b931b36628ffab8e69d7f7a28a41fc58bf66ec5a8e8aa5823f88a53fcc4454396dc8b668a74789f211a038efdc89ff9e7ff00b7aaff00d1893fed0b5bf73f9d1fd51a7fdc367fef4743e91deca78bddce671d332a74fd673d38fe72c56fbf101dbbb69b468a975f70dafe5ac4a66d8927bdc753d69e71dcdb7d8ad80e2469fb390c15719f5d248d95da37b10b3472a16e57009175367525183a3329832d3335663fed1bda42c686a3b88398e06253ccb138d142a8a49ef8ab5df5ee7f3adc4d4bc13dd80f6914a05925889f5241d6cc082ae97ba3836e6428cfd1961db0dda92c1e4e0a18293b8fa1cc7a8308db66ca559ef16ce28391de371e5ac6ee494a76a226963244b4c4335b46e51aaca08b58ad89b837054fd9c5b38f00bf66e0052a14c72dd43cfe70161b5cb2ead934cc703101cb32f6ae3febef3f762601589ef3a1b15872f82bdc6d36d7486a664bc548c16353f35e7166e63e221055ba7acecbafaac0ad6fb5b6655a122c1edac5544689ca9cd5e438c17dcbb17e96f19f98154a4d120eaadfc93e7ca1dedabdabca361a2926aa95218e21cccec6ca05ec3ccb3121555412ec42a8248051acb2b7961b6924a8e000ce1e4e3896d256b34035315e5bf2e3f36b76dd9e3caf9a82004af6a403984a05acdaf32c0adeb7aa8ad2d8ab73c2d740e7b1ee4b2d80ecf7695f00f7473d5472dc33cc630b2b52f61a96e5061f11f90f9f988556bea5ab18c92bb48edf3a4918c93b58581695cb3b1b77b31386636d34c2365b484a4680003a085fbb30fcca8a96a249358d639a53f893ee0c47e03185e4fe818f1f475eb4ea3d636dd1e2d08208ea082ac0f8106c41f2231edb710e242d04107511add696d28a1628468637b24e6775efd6f6ea2c3522de07a636815c221bead941541e7856a69f34cd68cc40464bbb3140231c91c4eeca4280391f942953a12477e046f5fb36ec97b68039015c4d4a80a8271ae7fe22faea175768b4028d3127134a004e3c21afe3e376306dad034eabed32f61329d39bb272a950973f4397966201176897dc54973ad032b6825b27b2e760f3fb279d70e44c36ef2c90989252a9da47687cfc3ca103dc967c323aa8837cd9bd830ee3da689fcce4ebdd71df87ada2dedb0a23318f4fed08ea05606342860196817f0bff00738ba029142eafdaacd37c5b3ee4361d377547490dac5230cfe72c9ebca7f7d980bf4161dd8e51b6678cf4ebb30722a34fe11801d008ea2b1e444949b52e344e3cce27c498af1e337882a9df0d4b43137e4b44e5100bf2cb2add64a93d01b1e68e2ea0202e0fb5215cb746c24c9b0269d1f5ab15c7449c80e246279d3485ade7b5cbee9966cf61271e27d042fb142f374c30a00c903382e6e33879aedef4eb12db41cf248473451203d6da73393eaaadfd66faaa19968edab519b265cbeee2a38253bcfa0d4e9cc8893654b4c5ad31f4797eca07bcadc37f7e835e40c595eebb70db17ba35514b02f381633300f52de24bdb407af24415477018e77b4edb9cb4544beb3b3a246091c87ccd49d4c3eeceb1e56cf404b28c7551c54799fd08ad3e2eb3e8f68f35cc5948216510e96eb4f0a44e34ea4488f7bea3a7761f175582cd96c8399055d5448f0a428ef23c1db41ca6944f418f8c0e76653d663f557fafff002f83046758099c3d809de61b3f47b6ce1cc6b2a663d20a7e4fda9e41ca7f763907df8585ff0098d894699f8975ee48ff00e8430ee2cbed4cbaf6894ecf53fd8c391bf7a28b31cbf3356d0351d40bf87e4efafddd709db2d65138ca8661c41fcc21b93a9da97701f855e4629ef67ea0d2c909fab2237c1c1c754ba9da4a93bc11e11cde4ec82609476757e55044f621e4890f85a475047c0e234d4cff00c575e468851e80c55594d6dbed217aac0ea62cbb88adb29b77f97d7cc8dc8c9032a37d5925b47137bc48ea40ef38e64b1e504dceb2c1182942bcb33e00c7505a331f469571dad2893d721e314ec88b1e834034f863aa239d4924d4c4a325cb9a9915c8f9cc403dda5c7f638f6923be29e65c2a70b63411635c0aec95365343dbdbd7ab91d89efe581da244bfd50cb238bf7b9c73edf89c5bf689649ecb69000e240513cf103b843d6e549218b3c3a0769c2493c8d00e4287a983fe799d516cdc72cb33044851a5763a2aa46a59d89f00a09c00b6da9c50420549340389c20f16b084952b202b14a3b499e49b512cf2b0e533caf391d6cd348cec2fdf62c75efc759ca31f4761b67e14a53d001f28e709c7fdbbeb77e2513d4c6fe43198d1cf89b7c3fdce27a728a09a357129dc2b0fefa3c366fe434b57315b19e71183e29046083ee0f24a3de0e1117fa636e75b641c128af7a89f904c3aee3cbec49adda62a567c00f5ac13b8bcdad8363f2bcc0b759a234aa3bcb557b2d3f45599cfd952702977258cc5a4c2068a0aee4f6be50576d3e18927547e123ae1f38a9eca979997c8dfe1ae3a78671ceef1a215ca0d9bd2a8ff008054c1320b82b1542f81e46bdaff00b23e38a2914fd2251c64e67693d453e71a92afa33e858fb241e86b0f5717f971dabca2bfb3371d9254dfbb9209e39d8fbbb3463841ddb74316ab055f16cf7a814f998e89b6db2fd9eea51f0d7a50fca2a7f1d3108182664fb439666746213a4b04a641f691af7f8166d3c878e20219704d1701ec94f8fe878c409a2914c313afac37dc197127b0f94d27c96aeaa1a47a5323032bac48f1bbb4a583b955e68cb48192f70a037427953b7c6c59833a669941525613ee8a90a0026869be82878d34874dd1b41b124259c212a49399cc13b551d4e1eb030e2ff8c8a1de6a351e58cc602deda7d53b6e46b88a306cdd8730bb484013d805e6849696e2eb5d6725dc139382846294ee3bd5b88d0660e7422225e2b7d2b49959635ae05432a6e1f3e99c28608386cc2c4823382551ecd04a38a6537bcac8c3c356b13f705ebe23c711113557cb04642be515530c90e7b4d0811609c19e6b96e5794c0cee882269cc8cc42a25aa246bb31202811946bb116163d3081be0859b5dd1438ec53f0a72ef8e80ba8a48b29a35cb6abf88c281c6671294fbef9521a462696958b2b5ac269882a6700ea23452c91136e60cedaab2d98b742c154836a997c51c58a537273a1e24d2bba80675810bcf6c26654259935424d49de7d0402367688d49f21d7ff1f7e18e81585a4db9b08824c799a6dbd1c5fe250fb323bcc440e536f00a1753f55b14cca0b132a1f6578f7fe89ea2326ce5587b3842de4d16f568041372bbd2afc96443af34454ac2e4126eaf17b324fce747eeb61197b6cc5485a0a711ee3876d278fda1dc71e4443deeada427a452857be8ec1e5a1cce630e241d211ee257860da0dc14923ac6f2d1925a39c02e234d4f67391731b463d5eda4f6728e56e657631a33eefde7627db4b4f2825e181070da3bd3cf767c2901b6c5dc798714e309da4135a0cc574a6bdd01086aa29355607cc116f8e0e3686f80c536a18107a4639aaa9bbc827e27fbe3595a2b9c6c4b6e530a81d2257b09b059dedfb8482096527e82a9690826d7207cc4f1772028d490351a6626d99647b49958427ef1a74199e4318f0969d795eca55256bfba2a073397c844f77e5c31ed86e4238a79e15ec64525da3f5e3a671f4252a2caacbeb09bf37cfcc85837219872ccbcd233cf2d968ecd0f676b0dafe1efd33d699d09662ed4f4bb0971cedab503123773c299790ac0a2976867850a2c9ea31e622f7426d6bdba5ec06be430560a6bb58577c0aae5eaa0549351ce34e5cdcc6a63699ca161218cbb184badb95cc40f2975b0e5764256c2c462316d8f681d2015814070269b81ce9c22cdb7664365a6c94a4e60603be3a9b33b2f9ced9b8482291c9d6caacf291e51a82c7df6b79e3dbb308693ed1d504277a8803c62225b2a3b0d24ad7f0a413e50f0f0efc105553949735508aa79853dc348e41d0caca480bdfd92125b40c50028caeb7afb2760cbd9c73c0b997e019d7ef1a534191836b1ae72d6e099b4b4c9bcf96d1ca9c35d4e62121c8f3bacd987256e3aa329d0e86cc841e8ca45acc2ea458f78c35d250e242c5083883e90bd9a962a05a70508ea0c123765bd6cdb7433a54d110c07aaf19d15d09bbc4d6b9034055803c8c037ac059abad6b299b4e58b0ef30750778f98d4758d9635a6f5993015ae4468a1eb165fb9fdf86c9efca2e7a5901200ed226b09e32ddcc9f54ea15d6eaf63626c40e6db52c999b31df66fa79287ba7883f2cc6a23a2642d26279bdb655cc6a398fd5630e7bc36eea36998bcf94e5d23b7573045da1f7b725cfed138d2d5a938d2761b79606e0a34e95898a976959a4748c543c326e972df9995502fba18ff00cbfd71bffd6ed0ff00b0e7e33eb1157664a2fdf69279807ce27d93641966ce2858228e151d15156341fb2a00fc3154ebab755b6e28a8ef2493e3135a690d2425b4800680003c2375d164ebadfe18d51b606f9cf0cfba4da16679b28cb9ddb52e608bb463e2582024f9b138b46ad59d6921287d600d02954f388ca966959a4748c745c316e932e374ca72f5ff00a31ff97fae377fadda1ff61cfc67d6232ecd955fbcd24f300f9c4f324d9bca76657969e18a15faa8ab1a7eea851f862ade79c795b4ea8a8ef2493e3131a65b693b2da4246e0001e11d2c698dd0ab7145c12d0ef699ea72f64a7aa22eeada525490342f60c639ba0ede346e71a4a92591a23bbbf7a5db34061d1b4d572d53bf6778e075c88a9a8b5b160b5680da4f657f1533e072fd6ea98af7da6d9bda3dd8ca62ac865a497ea38b73016bb2302c92a0b805e9e47507424104079c8da52f3a8f692eb0478f78cc65ac276d0b21f95ecbe8c37e63ae91f325da9aed9e75969e4929a54371246c5186ba8d3aa9b7aca7471a35c69895332cccd20b4f242927422a3fcf1cc691065661f94585b2aa5219adddfa4576d766c2ad7c10d728b0ed14fc9aaaddec40592276f0091c23c4e16d3f7125dc25528e141f84f6872191039ed430a4ef8b89c26115cb1181e3e1c078e074d9cf48aeebb361ed92b294fdb8c48bef061798dbf4941f2c073f726d26cf60257c954fe6d982a6af4482f3514f307e558eecdc7d6e5a3e9553379082a2ff008c4a3f1c431742d53fb2fce8fea8946f0c80fda781883ed4fa4ab6272fe614b47595040d0b7674f013dc398bc920f33f2636f038b597b8b3cba1754848e649f014f18ad7af649a2bb1551e9035a6e3d778db57dab451524012c44615a62ab6d59a5664e637e6d5618c281a83d705d2f70e452901f7144ef0427a0a1f3300d695f99c6dd48976d3b06b9824f8110cd70adbf3aedf44337ca7b3eda9decdc83954c720bc4fca4b58dc4886c75e5bf7d82faf4d848b2661096492dad3505589a8c08a80381cb583cbb16e2ad6614a7400b4aa840ca87238f78ee837e02e0ca3d8c8c8f63232385b63b0db3bbc28cc55b4f0d4c675e4915644b8370c03036653a865b153a820e37b0fbac2f6da514ab78343e11e1684ac5142a215fdbaf46bec2e7249a0a9aaa1241b2122ae94126f7e597db687e8ad6a8b6800c1cc9df69f6004bbb2b1c7034dd861e060566aec493d5294ec9e1faebfe603bb41e8d7de465e3f26adcbea7f4c4d49a78d956b75f227efc14b17f9927eb9a501c08579ecc0fbb7346d7d5b9871c4fca23b27a3e37d31fd1cb8fba77fef4eb89e2fdc8fc2be83faa219b9cf68e08fc27a3eb7d727d1cbd7cccce47e11630dfa91dcbfc23faa3e7fb3de1f68477b25f46bef2ebcfe5159430afd8ed247f818d07f1e22bb7ee540ec2164f24a7c7695e51b1bba2f57b45206fa93e1403c60b1b0fe8d2d9fc9486aaafa8988ff000c0845bea92c67b83e2157cac75c513f7edfaffc765238a8951eea6c8f38b445cf69636661c246e4a424753b47c4432fbb1dccec96e7d5c5143d9f6b62ec599e47e4bf2dd989d16ed654014124dae4dc1ad2b5e6ed25054d2f6a95a0a00057700075cf0e1057675932b6724a6591b35cf1249ef3589be29e2de3d8c8c8ffd9, '2022-07-29 08:43:45', '', 1, '', '', '', 1),
(83, 'CLIENTE', 'CLIENTE', 'CLIENTE', 0, 'CLIENTE', 'CLIENTE', 0xffd8ffe000104a46494600010100000100010000ffe1005645786966000049492a000800000002000e010200210000002600000031010200070000004700000000000000496c6c757374726174696f6e206f6620746865206174207369676e2069636f6e00476f6f676c6500ffed007450686f746f73686f7020332e30003842494d040400000000003b1c0100000200041c015a00031b25471c0200000200041c02780020496c6c757374726174696f6e206f6620746865206174207369676e2069636f6e003842494d04250000000000102505be70fc968dd6e9e2a28fc8a8e845ffdb00840003020203020e0a0e090a0a0a0f0a0d100a0f0e10110f0b080e0d0a0a0d0d0a0a110b0d0e0a0e0e0b0a0b0d0a0b0d0b08080d0f0a0d0d0e0d0d100a0d0d0e0d0a010304040605060a06060a100e0b0e0f100e130f0f100f0f1015101110100e12100e110f0f0f100f10100f0f0f10101011100f0f0e120e100f0f100f0d0d0f0f0fffc00011080058005803011100021101031101ffc4001d000002020301010100000000000000000007080609030405000102ffc40045100002010203050405070a04070000000001020304110005210607081231134151610922237191143242526281a1243372738292a2a3b1c153d2f0f115448394d1d3e1ffc4001c0100020203010100000000000000000000060704050003080201ffc400401100010203050505040707050100000000010203000411050621314112516171912281a1b1d1133252c11423426292a2f0435372b2d2e1f115162454c2e2ffda000c03010002110311003f00b53c64647b191910ede2ef8762b74aa1abeae1a7e604aab1bccf61721225e692423c228d8e274a484c4e2b625db2a3c061de721df115f996984953aa00678c2d1b6de92cd95cbb98505154d511d1e42b4b01f317134ba783d321274f3c1e4a5c59c7285f5a50377bc7e43f3181399bd928d54360a8f8409b3df48f6f2abcfb0a6a0817c19659e4fdfed215fe4e09d8b852891f5ae2d4785123a515e703cedf2749fab6c01c6a4c476a38f9df14fd25a64fd1856dfc45ff00ae27a6e3d9a33db3cd5e8044155ee9c3904f4fef1f6978fadefd3f5969dbdf12dbf84aff005c61b8f669f8c7257a831f05ee9d1a27a1f5892e41e919de3521f6d0504cbe0165824bfeb3b5957f91882f5c19450faa7560f1a2be49f3896ddf47d27eb1a047024418b61fd235b2999586614951464f57422aa947bd94472ebd6cb4a6de3e22d3b716719a9616958ddee9f1ecfe682294bdd26f765caa0f1c619ad8ade0ecd6f193b4a2a88aa13a128c1b94dafcac3aab5be8c8011e180199947a557ecdf414ab7114e9bc418b130d3e9da69414381ac4871122446867b9ee5db30924b5122431c4a647772122455176666360140d49274c7b4214e282100951c0018927708f84802a6106dfe7a41b37cfcbc5925e08fa1aa65fca5fc7b385d48893a5a4a8469181368e0215d9bf62dc9140f5a19feec1fe623c87538885bdad7ad29fab93c4fc5a776f84f2aebaab3976666927964d59d98c933102d7695cb31b0b0bbb1b74d30d369a6d8486d94800680507842e5f7dc78fb4985f798256eab861de2ef94834f172477b195bd4a71d6fed483cc4116229d242a7a80314769db92b676130e76be04f695dfa27bc8ae91616759afcf632cd129f8d7d94eb96a72d32d61a6d8cf462ecf4401cc2b6a263d7962b469e6bcedce587988d0dbc3ae16b377e1c51a4bb400deb25479d01481e30c195ba8948abce54ee42401e3b47ca09d45e8f8dc5d25b9a8a4908ef69ea01f824a83f87038bbd3692bf680724a7d2b0402c393028515ef3eb1a99a7a3b772f5818450d55396fa49513b91e61677a84d3c0c6479636b77bad34115701a68529f1a007c63e3b61493a9d92d81c4607f5ce02bbc1f4696779602d9657ad4587e6aa544729d7522a615e4bf2f456a2009eaea0dc1648dfd35a4db586f47a1e3f7bba06e6ee832ba99756c9dc711ebe3871854f69f65f69f763218ab209696402fc8e3461a5d91d4b472a0b8064a791d41f5490d701a523694bcf23da4bac28788e633196b0b6b46c97a50ecbe8e4465dc63a7b13b51996ce4825a199e96751a14360c3a952350ca7425245653de0f5c489a92979d6fd93e80a4ee3e6350788a18ab627a66ce5875b51a6fd473de21ff00e19b8c1a7de895a6cc024153d1587ab04f6ee0093c9378c6490fd50ebc888abc574dcb3819897254cebf1279ef1c7b8ef2e7b06f3376851a7681cd371e5c78428dc54f13f986ff002531c25a3a385bd9c7d0ccc87d5a9917dfeb4513fe685998097e6306ecddb4d9c80fbe2af11f846e1c779ee1866276fdbea9b51658346c6bbffb79f280ae5b934b9a7d951d4ff61feb4c1f04954003b309646f56821ece18f82ba28d527cce2d1acf1d31d34ea249bbc96d0884e806925ee6344ede3be041329672a80605c199e083ff00accfd9a0c4b2eefdd52e0137690a938a5b3a0fbc3ff3f8b124073e9e9e2a400280a1458002ca00e8001a003b80e98509249a9ce1b000028238bb59b7bb33b06bcd59554f4cbe32ba44a7c8172b73e431218967a615b2ca14a3b9209f28d6e3a86c556a0399a40b736e36372b931b36628ffab8e69d7f7a28a41fc58bf66ec5a8e8aa5823f88a53fcc4454396dc8b668a74789f211a038efdc89ff9e7ff00b7aaff00d1893fed0b5bf73f9d1fd51a7fdc367fef4743e91deca78bddce671d332a74fd673d38fe72c56fbf101dbbb69b468a975f70dafe5ac4a66d8927bdc753d69e71dcdb7d8ad80e2469fb390c15719f5d248d95da37b10b3472a16e57009175367525183a3329832d3335663fed1bda42c686a3b88398e06253ccb138d142a8a49ef8ab5df5ee7f3adc4d4bc13dd80f6914a05925889f5241d6cc082ae97ba3836e6428cfd1961db0dda92c1e4e0a18293b8fa1cc7a8308db66ca559ef16ce28391de371e5ac6ee494a76a226963244b4c4335b46e51aaca08b58ad89b837054fd9c5b38f00bf66e0052a14c72dd43cfe70161b5cb2ead934cc703101cb32f6ae3febef3f762601589ef3a1b15872f82bdc6d36d7486a664bc548c16353f35e7166e63e221055ba7acecbafaac0ad6fb5b6655a122c1edac5544689ca9cd5e438c17dcbb17e96f19f98154a4d120eaadfc93e7ca1dedabdabca361a2926aa95218e21cccec6ca05ec3ccb3121555412ec42a8248051acb2b7961b6924a8e000ce1e4e3896d256b34035315e5bf2e3f36b76dd9e3caf9a82004af6a403984a05acdaf32c0adeb7aa8ad2d8ab73c2d740e7b1ee4b2d80ecf7695f00f7473d5472dc33cc630b2b52f61a96e5061f11f90f9f988556bea5ab18c92bb48edf3a4918c93b58581695cb3b1b77b31386636d34c2365b484a4680003a085fbb30fcca8a96a249358d639a53f893ee0c47e03185e4fe818f1f475eb4ea3d636dd1e2d08208ea082ac0f8106c41f2231edb710e242d04107511add696d28a1628468637b24e6775efd6f6ea2c3522de07a636815c221bead941541e7856a69f34cd68cc40464bbb3140231c91c4eeca4280391f942953a12477e046f5fb36ec97b68039015c4d4a80a8271ae7fe22faea175768b4028d3127134a004e3c21afe3e376306dad034eabed32f61329d39bb272a950973f4397966201176897dc54973ad032b6825b27b2e760f3fb279d70e44c36ef2c90989252a9da47687cfc3ca103dc967c323aa8837cd9bd830ee3da689fcce4ebdd71df87ada2dedb0a23318f4fed08ea05606342860196817f0bff00738ba029142eafdaacd37c5b3ee4361d377547490dac5230cfe72c9ebca7f7d980bf4161dd8e51b6678cf4ebb30722a34fe11801d008ea2b1e444949b52e344e3cce27c498af1e337882a9df0d4b43137e4b44e5100bf2cb2add64a93d01b1e68e2ea0202e0fb5215cb746c24c9b0269d1f5ab15c7449c80e246279d3485ade7b5cbee9966cf61271e27d042fb142f374c30a00c903382e6e33879aedef4eb12db41cf248473451203d6da73393eaaadfd66faaa19968edab519b265cbeee2a38253bcfa0d4e9cc8893654b4c5ad31f4797eca07bcadc37f7e835e40c595eebb70db17ba35514b02f381633300f52de24bdb407af24415477018e77b4edb9cb4544beb3b3a246091c87ccd49d4c3eeceb1e56cf404b28c7551c54799fd08ad3e2eb3e8f68f35cc5948216510e96eb4f0a44e34ea4488f7bea3a7761f175582cd96c8399055d5448f0a428ef23c1db41ca6944f418f8c0e76653d663f557fafff002f83046758099c3d809de61b3f47b6ce1cc6b2a663d20a7e4fda9e41ca7f763907df8585ff0098d894699f8975ee48ff00e8430ee2cbed4cbaf6894ecf53fd8c391bf7a28b31cbf3356d0351d40bf87e4efafddd709db2d65138ca8661c41fcc21b93a9da97701f855e4629ef67ea0d2c909fab2237c1c1c754ba9da4a93bc11e11cde4ec82609476757e55044f621e4890f85a475047c0e234d4cff00c575e468851e80c55594d6dbed217aac0ea62cbb88adb29b77f97d7cc8dc8c9032a37d5925b47137bc48ea40ef38e64b1e504dceb2c1182942bcb33e00c7505a331f469571dad2893d721e314ec88b1e834034f863aa239d4924d4c4a325cb9a9915c8f9cc403dda5c7f638f6923be29e65c2a70b63411635c0aec95365343dbdbd7ab91d89efe581da244bfd50cb238bf7b9c73edf89c5bf689649ecb69000e240513cf103b843d6e549218b3c3a0769c2493c8d00e4287a983fe799d516cdc72cb33044851a5763a2aa46a59d89f00a09c00b6da9c50420549340389c20f16b084952b202b14a3b499e49b512cf2b0e533caf391d6cd348cec2fdf62c75efc759ca31f4761b67e14a53d001f28e709c7fdbbeb77e2513d4c6fe43198d1cf89b7c3fdce27a728a09a357129dc2b0fefa3c366fe434b57315b19e71183e29046083ee0f24a3de0e1117fa636e75b641c128af7a89f904c3aee3cbec49adda62a567c00f5ac13b8bcdad8363f2bcc0b759a234aa3bcb557b2d3f45599cfd952702977258cc5a4c2068a0aee4f6be50576d3e18927547e123ae1f38a9eca979997c8dfe1ae3a78671ceef1a215ca0d9bd2a8ff008054c1320b82b1542f81e46bdaff00b23e38a2914fd2251c64e67693d453e71a92afa33e858fb241e86b0f5717f971dabca2bfb3371d9254dfbb9209e39d8fbbb3463841ddb74316ab055f16cf7a814f998e89b6db2fd9eea51f0d7a50fca2a7f1d3108182664fb439666746213a4b04a641f691af7f8166d3c878e20219704d1701ec94f8fe878c409a2914c313afac37dc197127b0f94d27c96aeaa1a47a5323032bac48f1bbb4a583b955e68cb48192f70a037427953b7c6c59833a669941525613ee8a90a0026869be82878d34874dd1b41b124259c212a49399cc13b551d4e1eb030e2ff8c8a1de6a351e58cc602deda7d53b6e46b88a306cdd8730bb484013d805e6849696e2eb5d6725dc139382846294ee3bd5b88d0660e7422225e2b7d2b49959635ae05432a6e1f3e99c28608386cc2c4823382551ecd04a38a6537bcac8c3c356b13f705ebe23c711113557cb04642be515530c90e7b4d0811609c19e6b96e5794c0cee882269cc8cc42a25aa246bb31202811946bb116163d3081be0859b5dd1438ec53f0a72ef8e80ba8a48b29a35cb6abf88c281c6671294fbef9521a462696958b2b5ac269882a6700ea23452c91136e60cedaab2d98b742c154836a997c51c58a537273a1e24d2bba80675810bcf6c26654259935424d49de7d0402367688d49f21d7ff1f7e18e81585a4db9b08824c799a6dbd1c5fe250fb323bcc440e536f00a1753f55b14cca0b132a1f6578f7fe89ea2326ce5587b3842de4d16f568041372bbd2afc96443af34454ac2e4126eaf17b324fce747eeb61197b6cc5485a0a711ee3876d278fda1dc71e4443deeada427a452857be8ec1e5a1cce630e241d211ee257860da0dc14923ac6f2d1925a39c02e234d4f67391731b463d5eda4f6728e56e657631a33eefde7627db4b4f2825e181070da3bd3cf767c2901b6c5dc798714e309da4135a0cc574a6bdd01086aa29355607cc116f8e0e3686f80c536a18107a4639aaa9bbc827e27fbe3595a2b9c6c4b6e530a81d2257b09b059dedfb8482096527e82a9690826d7207cc4f1772028d490351a6626d99647b49958427ef1a74199e4318f0969d795eca55256bfba2a073397c844f77e5c31ed86e4238a79e15ec64525da3f5e3a671f4252a2caacbeb09bf37cfcc85837219872ccbcd233cf2d968ecd0f676b0dafe1efd33d699d09662ed4f4bb0971cedab503123773c299790ac0a2976867850a2c9ea31e622f7426d6bdba5ec06be430560a6bb58577c0aae5eaa0549351ce34e5cdcc6a63699ca161218cbb184badb95cc40f2975b0e5764256c2c462316d8f681d2015814070269b81ce9c22cdb7664365a6c94a4e60603be3a9b33b2f9ced9b8482291c9d6caacf291e51a82c7df6b79e3dbb308693ed1d504277a8803c62225b2a3b0d24ad7f0a413e50f0f0efc105553949735508aa79853dc348e41d0caca480bdfd92125b40c50028caeb7afb2760cbd9c73c0b997e019d7ef1a534191836b1ae72d6e099b4b4c9bcf96d1ca9c35d4e62121c8f3bacd987256e3aa329d0e86cc841e8ca45acc2ea458f78c35d250e242c5083883e90bd9a962a05a70508ea0c123765bd6cdb7433a54d110c07aaf19d15d09bbc4d6b9034055803c8c037ac059abad6b299b4e58b0ef30750778f98d4758d9635a6f5993015ae4468a1eb165fb9fdf86c9efca2e7a5901200ed226b09e32ddcc9f54ea15d6eaf63626c40e6db52c999b31df66fa79287ba7883f2cc6a23a2642d26279bdb655cc6a398fd5630e7bc36eea36998bcf94e5d23b7573045da1f7b725cfed138d2d5a938d2761b79606e0a34e95898a976959a4748c543c326e972df9995502fba18ff00cbfd71bffd6ed0ff00b0e7e33eb1157664a2fdf69279807ce27d93641966ce2858228e151d15156341fb2a00fc3154ebab755b6e28a8ef2493e3135a690d2425b4800680003c2375d164ebadfe18d51b606f9cf0cfba4da16679b28cb9ddb52e608bb463e2582024f9b138b46ad59d6921287d600d02954f388ca966959a4748c745c316e932e374ca72f5ff00a31ff97fae377fadda1ff61cfc67d6232ecd955fbcd24f300f9c4f324d9bca76657969e18a15faa8ab1a7eea851f862ade79c795b4ea8a8ef2493e3131a65b693b2da4246e0001e11d2c698dd0ab7145c12d0ef699ea72f64a7aa22eeada525490342f60c639ba0ede346e71a4a92591a23bbbf7a5db34061d1b4d572d53bf6778e075c88a9a8b5b160b5680da4f657f1533e072fd6ea98af7da6d9bda3dd8ca62ac865a497ea38b73016bb2302c92a0b805e9e47507424104079c8da52f3a8f692eb0478f78cc65ac276d0b21f95ecbe8c37e63ae91f325da9aed9e75969e4929a54371246c5186ba8d3aa9b7aca7471a35c69895332cccd20b4f242927422a3fcf1cc691065661f94585b2aa5219adddfa4576d766c2ad7c10d728b0ed14fc9aaaddec40592276f0091c23c4e16d3f7125dc25528e141f84f6872191039ed430a4ef8b89c26115cb1181e3e1c078e074d9cf48aeebb361ed92b294fdb8c48bef061798dbf4941f2c073f726d26cf60257c954fe6d982a6af4482f3514f307e558eecdc7d6e5a3e9553379082a2ff008c4a3f1c431742d53fb2fce8fea8946f0c80fda781883ed4fa4ab6272fe614b47595040d0b7674f013dc398bc920f33f2636f038b597b8b3cba1754848e649f014f18ad7af649a2bb1551e9035a6e3d778db57dab451524012c44615a62ab6d59a5664e637e6d5618c281a83d705d2f70e452901f7144ef0427a0a1f3300d695f99c6dd48976d3b06b9824f8110cd70adbf3aedf44337ca7b3eda9decdc83954c720bc4fca4b58dc4886c75e5bf7d82faf4d848b2661096492dad3505589a8c08a80381cb583cbb16e2ad6614a7400b4aa840ca87238f78ee837e02e0ca3d8c8c8f63232385b63b0db3bbc28cc55b4f0d4c675e4915644b8370c03036653a865b153a820e37b0fbac2f6da514ab78343e11e1684ac5142a215fdbaf46bec2e7249a0a9aaa1241b2122ae94126f7e597db687e8ad6a8b6800c1cc9df69f6004bbb2b1c7034dd861e060566aec493d5294ec9e1faebfe603bb41e8d7de465e3f26adcbea7f4c4d49a78d956b75f227efc14b17f9927eb9a501c08579ecc0fbb7346d7d5b9871c4fca23b27a3e37d31fd1cb8fba77fef4eb89e2fdc8fc2be83faa219b9cf68e08fc27a3eb7d727d1cbd7cccce47e11630dfa91dcbfc23faa3e7fb3de1f68477b25f46bef2ebcfe5159430afd8ed247f818d07f1e22bb7ee540ec2164f24a7c7695e51b1bba2f57b45206fa93e1403c60b1b0fe8d2d9fc9486aaafa8988ff000c0845bea92c67b83e2157cac75c513f7edfaffc765238a8951eea6c8f38b445cf69636661c246e4a424753b47c4432fbb1dccec96e7d5c5143d9f6b62ec599e47e4bf2dd989d16ed654014124dae4dc1ad2b5e6ed25054d2f6a95a0a00057700075cf0e1057675932b6724a6591b35cf1249ef3589be29e2de3d8c8c8ffd9, '2022-07-25 21:49:40', '', 0, 'A', 'A', 'A', 1),
(85, 'ADMINISTRADOR', 'ADMINISTRADOR', 'ADMINISTRADOR', 2, 'ADMINISTRADOR', 'ADMINISTRADOR', 0xffd8ffe000104a46494600010100000100010000ffe1005645786966000049492a000800000002000e010200210000002600000031010200070000004700000000000000496c6c757374726174696f6e206f6620746865206174207369676e2069636f6e00476f6f676c6500ffed007450686f746f73686f7020332e30003842494d040400000000003b1c0100000200041c015a00031b25471c0200000200041c02780020496c6c757374726174696f6e206f6620746865206174207369676e2069636f6e003842494d04250000000000102505be70fc968dd6e9e2a28fc8a8e845ffdb00840003020203020e0a0e090a0a0a0f0a0d100a0f0e10110f0b080e0d0a0a0d0d0a0a110b0d0e0a0e0e0b0a0b0d0a0b0d0b08080d0f0a0d0d0e0d0d100a0d0d0e0d0a010304040605060a06060a100e0b0e0f100e130f0f100f0f1015101110100e12100e110f0f0f100f10100f0f0f10101011100f0f0e120e100f0f100f0d0d0f0f0fffc00011080058005803011100021101031101ffc4001d000002020301010100000000000000000007080609030405000102ffc40045100002010203050405070a04070000000001020304110005210607081231134151610922237191143242526281a1243372738292a2a3b1c153d2f0f115448394d1d3e1ffc4001c0100020203010100000000000000000000060704050003080201ffc400401100010203050505040707050100000000010203000411050621314112516171912281a1b1d1133252c11423426292a2f0435372b2d2e1f115162454c2e2ffda000c03010002110311003f00b53c64647b191910ede2ef8762b74aa1abeae1a7e604aab1bccf61721225e692423c228d8e274a484c4e2b625db2a3c061de721df115f996984953aa00678c2d1b6de92cd95cbb98505154d511d1e42b4b01f317134ba783d321274f3c1e4a5c59c7285f5a50377bc7e43f3181399bd928d54360a8f8409b3df48f6f2abcfb0a6a0817c19659e4fdfed215fe4e09d8b852891f5ae2d4785123a515e703cedf2749fab6c01c6a4c476a38f9df14fd25a64fd1856dfc45ff00ae27a6e3d9a33db3cd5e8044155ee9c3904f4fef1f6978fadefd3f5969dbdf12dbf84aff005c61b8f669f8c7257a831f05ee9d1a27a1f5892e41e919de3521f6d0504cbe0165824bfeb3b5957f91882f5c19450faa7560f1a2be49f3896ddf47d27eb1a047024418b61fd235b2999586614951464f57422aa947bd94472ebd6cb4a6de3e22d3b716719a9616958ddee9f1ecfe682294bdd26f765caa0f1c619ad8ade0ecd6f193b4a2a88aa13a128c1b94dafcac3aab5be8c8011e180199947a557ecdf414ab7114e9bc418b130d3e9da69414381ac4871122446867b9ee5db30924b5122431c4a647772122455176666360140d49274c7b4214e282100951c0018927708f84802a6106dfe7a41b37cfcbc5925e08fa1aa65fca5fc7b385d48893a5a4a8469181368e0215d9bf62dc9140f5a19feec1fe623c87538885bdad7ad29fab93c4fc5a776f84f2aebaab3976666927964d59d98c933102d7695cb31b0b0bbb1b74d30d369a6d8486d94800680507842e5f7dc78fb4985f798256eab861de2ef94834f172477b195bd4a71d6fed483cc4116229d242a7a80314769db92b676130e76be04f695dfa27bc8ae91616759afcf632cd129f8d7d94eb96a72d32d61a6d8cf462ecf4401cc2b6a263d7962b469e6bcedce587988d0dbc3ae16b377e1c51a4bb400deb25479d01481e30c195ba8948abce54ee42401e3b47ca09d45e8f8dc5d25b9a8a4908ef69ea01f824a83f87038bbd3692bf680724a7d2b0402c393028515ef3eb1a99a7a3b772f5818450d55396fa49513b91e61677a84d3c0c6479636b77bad34115701a68529f1a007c63e3b61493a9d92d81c4607f5ce02bbc1f4696779602d9657ad4587e6aa544729d7522a615e4bf2f456a2009eaea0dc1648dfd35a4db586f47a1e3f7bba06e6ee832ba99756c9dc711ebe3871854f69f65f69f763218ab209696402fc8e3461a5d91d4b472a0b8064a791d41f5490d701a523694bcf23da4bac28788e633196b0b6b46c97a50ecbe8e4465dc63a7b13b51996ce4825a199e96751a14360c3a952350ca7425245653de0f5c489a92979d6fd93e80a4ee3e6350788a18ab627a66ce5875b51a6fd473de21ff00e19b8c1a7de895a6cc024153d1587ab04f6ee0093c9378c6490fd50ebc888abc574dcb3819897254cebf1279ef1c7b8ef2e7b06f3376851a7681cd371e5c78428dc54f13f986ff002531c25a3a385bd9c7d0ccc87d5a9917dfeb4513fe685998097e6306ecddb4d9c80fbe2af11f846e1c779ee1866276fdbea9b51658346c6bbffb79f280ae5b934b9a7d951d4ff61feb4c1f04954003b309646f56821ece18f82ba28d527cce2d1acf1d31d34ea249bbc96d0884e806925ee6344ede3be041329672a80605c199e083ff00accfd9a0c4b2eefdd52e0137690a938a5b3a0fbc3ff3f8b124073e9e9e2a400280a1458002ca00e8001a003b80e98509249a9ce1b000028238bb59b7bb33b06bcd59554f4cbe32ba44a7c8172b73e431218967a615b2ca14a3b9209f28d6e3a86c556a0399a40b736e36372b931b36628ffab8e69d7f7a28a41fc58bf66ec5a8e8aa5823f88a53fcc4454396dc8b668a74789f211a038efdc89ff9e7ff00b7aaff00d1893fed0b5bf73f9d1fd51a7fdc367fef4743e91deca78bddce671d332a74fd673d38fe72c56fbf101dbbb69b468a975f70dafe5ac4a66d8927bdc753d69e71dcdb7d8ad80e2469fb390c15719f5d248d95da37b10b3472a16e57009175367525183a3329832d3335663fed1bda42c686a3b88398e06253ccb138d142a8a49ef8ab5df5ee7f3adc4d4bc13dd80f6914a05925889f5241d6cc082ae97ba3836e6428cfd1961db0dda92c1e4e0a18293b8fa1cc7a8308db66ca559ef16ce28391de371e5ac6ee494a76a226963244b4c4335b46e51aaca08b58ad89b837054fd9c5b38f00bf66e0052a14c72dd43cfe70161b5cb2ead934cc703101cb32f6ae3febef3f762601589ef3a1b15872f82bdc6d36d7486a664bc548c16353f35e7166e63e221055ba7acecbafaac0ad6fb5b6655a122c1edac5544689ca9cd5e438c17dcbb17e96f19f98154a4d120eaadfc93e7ca1dedabdabca361a2926aa95218e21cccec6ca05ec3ccb3121555412ec42a8248051acb2b7961b6924a8e000ce1e4e3896d256b34035315e5bf2e3f36b76dd9e3caf9a82004af6a403984a05acdaf32c0adeb7aa8ad2d8ab73c2d740e7b1ee4b2d80ecf7695f00f7473d5472dc33cc630b2b52f61a96e5061f11f90f9f988556bea5ab18c92bb48edf3a4918c93b58581695cb3b1b77b31386636d34c2365b484a4680003a085fbb30fcca8a96a249358d639a53f893ee0c47e03185e4fe818f1f475eb4ea3d636dd1e2d08208ea082ac0f8106c41f2231edb710e242d04107511add696d28a1628468637b24e6775efd6f6ea2c3522de07a636815c221bead941541e7856a69f34cd68cc40464bbb3140231c91c4eeca4280391f942953a12477e046f5fb36ec97b68039015c4d4a80a8271ae7fe22faea175768b4028d3127134a004e3c21afe3e376306dad034eabed32f61329d39bb272a950973f4397966201176897dc54973ad032b6825b27b2e760f3fb279d70e44c36ef2c90989252a9da47687cfc3ca103dc967c323aa8837cd9bd830ee3da689fcce4ebdd71df87ada2dedb0a23318f4fed08ea05606342860196817f0bff00738ba029142eafdaacd37c5b3ee4361d377547490dac5230cfe72c9ebca7f7d980bf4161dd8e51b6678cf4ebb30722a34fe11801d008ea2b1e444949b52e344e3cce27c498af1e337882a9df0d4b43137e4b44e5100bf2cb2add64a93d01b1e68e2ea0202e0fb5215cb746c24c9b0269d1f5ab15c7449c80e246279d3485ade7b5cbee9966cf61271e27d042fb142f374c30a00c903382e6e33879aedef4eb12db41cf248473451203d6da73393eaaadfd66faaa19968edab519b265cbeee2a38253bcfa0d4e9cc8893654b4c5ad31f4797eca07bcadc37f7e835e40c595eebb70db17ba35514b02f381633300f52de24bdb407af24415477018e77b4edb9cb4544beb3b3a246091c87ccd49d4c3eeceb1e56cf404b28c7551c54799fd08ad3e2eb3e8f68f35cc5948216510e96eb4f0a44e34ea4488f7bea3a7761f175582cd96c8399055d5448f0a428ef23c1db41ca6944f418f8c0e76653d663f557fafff002f83046758099c3d809de61b3f47b6ce1cc6b2a663d20a7e4fda9e41ca7f763907df8585ff0098d894699f8975ee48ff00e8430ee2cbed4cbaf6894ecf53fd8c391bf7a28b31cbf3356d0351d40bf87e4efafddd709db2d65138ca8661c41fcc21b93a9da97701f855e4629ef67ea0d2c909fab2237c1c1c754ba9da4a93bc11e11cde4ec82609476757e55044f621e4890f85a475047c0e234d4cff00c575e468851e80c55594d6dbed217aac0ea62cbb88adb29b77f97d7cc8dc8c9032a37d5925b47137bc48ea40ef38e64b1e504dceb2c1182942bcb33e00c7505a331f469571dad2893d721e314ec88b1e834034f863aa239d4924d4c4a325cb9a9915c8f9cc403dda5c7f638f6923be29e65c2a70b63411635c0aec95365343dbdbd7ab91d89efe581da244bfd50cb238bf7b9c73edf89c5bf689649ecb69000e240513cf103b843d6e549218b3c3a0769c2493c8d00e4287a983fe799d516cdc72cb33044851a5763a2aa46a59d89f00a09c00b6da9c50420549340389c20f16b084952b202b14a3b499e49b512cf2b0e533caf391d6cd348cec2fdf62c75efc759ca31f4761b67e14a53d001f28e709c7fdbbeb77e2513d4c6fe43198d1cf89b7c3fdce27a728a09a357129dc2b0fefa3c366fe434b57315b19e71183e29046083ee0f24a3de0e1117fa636e75b641c128af7a89f904c3aee3cbec49adda62a567c00f5ac13b8bcdad8363f2bcc0b759a234aa3bcb557b2d3f45599cfd952702977258cc5a4c2068a0aee4f6be50576d3e18927547e123ae1f38a9eca979997c8dfe1ae3a78671ceef1a215ca0d9bd2a8ff008054c1320b82b1542f81e46bdaff00b23e38a2914fd2251c64e67693d453e71a92afa33e858fb241e86b0f5717f971dabca2bfb3371d9254dfbb9209e39d8fbbb3463841ddb74316ab055f16cf7a814f998e89b6db2fd9eea51f0d7a50fca2a7f1d3108182664fb439666746213a4b04a641f691af7f8166d3c878e20219704d1701ec94f8fe878c409a2914c313afac37dc197127b0f94d27c96aeaa1a47a5323032bac48f1bbb4a583b955e68cb48192f70a037427953b7c6c59833a669941525613ee8a90a0026869be82878d34874dd1b41b124259c212a49399cc13b551d4e1eb030e2ff8c8a1de6a351e58cc602deda7d53b6e46b88a306cdd8730bb484013d805e6849696e2eb5d6725dc139382846294ee3bd5b88d0660e7422225e2b7d2b49959635ae05432a6e1f3e99c28608386cc2c4823382551ecd04a38a6537bcac8c3c356b13f705ebe23c711113557cb04642be515530c90e7b4d0811609c19e6b96e5794c0cee882269cc8cc42a25aa246bb31202811946bb116163d3081be0859b5dd1438ec53f0a72ef8e80ba8a48b29a35cb6abf88c281c6671294fbef9521a462696958b2b5ac269882a6700ea23452c91136e60cedaab2d98b742c154836a997c51c58a537273a1e24d2bba80675810bcf6c26654259935424d49de7d0402367688d49f21d7ff1f7e18e81585a4db9b08824c799a6dbd1c5fe250fb323bcc440e536f00a1753f55b14cca0b132a1f6578f7fe89ea2326ce5587b3842de4d16f568041372bbd2afc96443af34454ac2e4126eaf17b324fce747eeb61197b6cc5485a0a711ee3876d278fda1dc71e4443deeada427a452857be8ec1e5a1cce630e241d211ee257860da0dc14923ac6f2d1925a39c02e234d4f67391731b463d5eda4f6728e56e657631a33eefde7627db4b4f2825e181070da3bd3cf767c2901b6c5dc798714e309da4135a0cc574a6bdd01086aa29355607cc116f8e0e3686f80c536a18107a4639aaa9bbc827e27fbe3595a2b9c6c4b6e530a81d2257b09b059dedfb8482096527e82a9690826d7207cc4f1772028d490351a6626d99647b49958427ef1a74199e4318f0969d795eca55256bfba2a073397c844f77e5c31ed86e4238a79e15ec64525da3f5e3a671f4252a2caacbeb09bf37cfcc85837219872ccbcd233cf2d968ecd0f676b0dafe1efd33d699d09662ed4f4bb0971cedab503123773c299790ac0a2976867850a2c9ea31e622f7426d6bdba5ec06be430560a6bb58577c0aae5eaa0549351ce34e5cdcc6a63699ca161218cbb184badb95cc40f2975b0e5764256c2c462316d8f681d2015814070269b81ce9c22cdb7664365a6c94a4e60603be3a9b33b2f9ced9b8482291c9d6caacf291e51a82c7df6b79e3dbb308693ed1d504277a8803c62225b2a3b0d24ad7f0a413e50f0f0efc105553949735508aa79853dc348e41d0caca480bdfd92125b40c50028caeb7afb2760cbd9c73c0b997e019d7ef1a534191836b1ae72d6e099b4b4c9bcf96d1ca9c35d4e62121c8f3bacd987256e3aa329d0e86cc841e8ca45acc2ea458f78c35d250e242c5083883e90bd9a962a05a70508ea0c123765bd6cdb7433a54d110c07aaf19d15d09bbc4d6b9034055803c8c037ac059abad6b299b4e58b0ef30750778f98d4758d9635a6f5993015ae4468a1eb165fb9fdf86c9efca2e7a5901200ed226b09e32ddcc9f54ea15d6eaf63626c40e6db52c999b31df66fa79287ba7883f2cc6a23a2642d26279bdb655cc6a398fd5630e7bc36eea36998bcf94e5d23b7573045da1f7b725cfed138d2d5a938d2761b79606e0a34e95898a976959a4748c543c326e972df9995502fba18ff00cbfd71bffd6ed0ff00b0e7e33eb1157664a2fdf69279807ce27d93641966ce2858228e151d15156341fb2a00fc3154ebab755b6e28a8ef2493e3135a690d2425b4800680003c2375d164ebadfe18d51b606f9cf0cfba4da16679b28cb9ddb52e608bb463e2582024f9b138b46ad59d6921287d600d02954f388ca966959a4748c745c316e932e374ca72f5ff00a31ff97fae377fadda1ff61cfc67d6232ecd955fbcd24f300f9c4f324d9bca76657969e18a15faa8ab1a7eea851f862ade79c795b4ea8a8ef2493e3131a65b693b2da4246e0001e11d2c698dd0ab7145c12d0ef699ea72f64a7aa22eeada525490342f60c639ba0ede346e71a4a92591a23bbbf7a5db34061d1b4d572d53bf6778e075c88a9a8b5b160b5680da4f657f1533e072fd6ea98af7da6d9bda3dd8ca62ac865a497ea38b73016bb2302c92a0b805e9e47507424104079c8da52f3a8f692eb0478f78cc65ac276d0b21f95ecbe8c37e63ae91f325da9aed9e75969e4929a54371246c5186ba8d3aa9b7aca7471a35c69895332cccd20b4f242927422a3fcf1cc691065661f94585b2aa5219adddfa4576d766c2ad7c10d728b0ed14fc9aaaddec40592276f0091c23c4e16d3f7125dc25528e141f84f6872191039ed430a4ef8b89c26115cb1181e3e1c078e074d9cf48aeebb361ed92b294fdb8c48bef061798dbf4941f2c073f726d26cf60257c954fe6d982a6af4482f3514f307e558eecdc7d6e5a3e9553379082a2ff008c4a3f1c431742d53fb2fce8fea8946f0c80fda781883ed4fa4ab6272fe614b47595040d0b7674f013dc398bc920f33f2636f038b597b8b3cba1754848e649f014f18ad7af649a2bb1551e9035a6e3d778db57dab451524012c44615a62ab6d59a5664e637e6d5618c281a83d705d2f70e452901f7144ef0427a0a1f3300d695f99c6dd48976d3b06b9824f8110cd70adbf3aedf44337ca7b3eda9decdc83954c720bc4fca4b58dc4886c75e5bf7d82faf4d848b2661096492dad3505589a8c08a80381cb583cbb16e2ad6614a7400b4aa840ca87238f78ee837e02e0ca3d8c8c8f63232385b63b0db3bbc28cc55b4f0d4c675e4915644b8370c03036653a865b153a820e37b0fbac2f6da514ab78343e11e1684ac5142a215fdbaf46bec2e7249a0a9aaa1241b2122ae94126f7e597db687e8ad6a8b6800c1cc9df69f6004bbb2b1c7034dd861e060566aec493d5294ec9e1faebfe603bb41e8d7de465e3f26adcbea7f4c4d49a78d956b75f227efc14b17f9927eb9a501c08579ecc0fbb7346d7d5b9871c4fca23b27a3e37d31fd1cb8fba77fef4eb89e2fdc8fc2be83faa219b9cf68e08fc27a3eb7d727d1cbd7cccce47e11630dfa91dcbfc23faa3e7fb3de1f68477b25f46bef2ebcfe5159430afd8ed247f818d07f1e22bb7ee540ec2164f24a7c7695e51b1bba2f57b45206fa93e1403c60b1b0fe8d2d9fc9486aaafa8988ff000c0845bea92c67b83e2157cac75c513f7edfaffc765238a8951eea6c8f38b445cf69636661c246e4a424753b47c4432fbb1dccec96e7d5c5143d9f6b62ec599e47e4bf2dd989d16ed654014124dae4dc1ad2b5e6ed25054d2f6a95a0a00057700075cf0e1057675932b6724a6591b35cf1249ef3589be29e2de3d8c8c8ffd9, '2022-07-26 20:22:28', '', 2, '', '', '', 1);
INSERT INTO `datos` (`idusuario`, `nombre`, `apellido`, `usuario`, `dni`, `correo`, `contraseña`, `image`, `created`, `status`, `id_rol`, `pesoinicial`, `pesoactual`, `pesoideal`, `estado_cuenta`) VALUES
(89, 'a', 'a', 'agustin', 12345678, 'a@a', 'a', 0xffd8ffe000104a46494600010100000100010000ffe1005645786966000049492a000800000002000e010200210000002600000031010200070000004700000000000000496c6c757374726174696f6e206f6620746865206174207369676e2069636f6e00476f6f676c6500ffed007450686f746f73686f7020332e30003842494d040400000000003b1c0100000200041c015a00031b25471c0200000200041c02780020496c6c757374726174696f6e206f6620746865206174207369676e2069636f6e003842494d04250000000000102505be70fc968dd6e9e2a28fc8a8e845ffdb00840003020203020e0a0e090a0a0a0f0a0d100a0f0e10110f0b080e0d0a0a0d0d0a0a110b0d0e0a0e0e0b0a0b0d0a0b0d0b08080d0f0a0d0d0e0d0d100a0d0d0e0d0a010304040605060a06060a100e0b0e0f100e130f0f100f0f1015101110100e12100e110f0f0f100f10100f0f0f10101011100f0f0e120e100f0f100f0d0d0f0f0fffc00011080058005803011100021101031101ffc4001d000002020301010100000000000000000007080609030405000102ffc40045100002010203050405070a04070000000001020304110005210607081231134151610922237191143242526281a1243372738292a2a3b1c153d2f0f115448394d1d3e1ffc4001c0100020203010100000000000000000000060704050003080201ffc400401100010203050505040707050100000000010203000411050621314112516171912281a1b1d1133252c11423426292a2f0435372b2d2e1f115162454c2e2ffda000c03010002110311003f00b53c64647b191910ede2ef8762b74aa1abeae1a7e604aab1bccf61721225e692423c228d8e274a484c4e2b625db2a3c061de721df115f996984953aa00678c2d1b6de92cd95cbb98505154d511d1e42b4b01f317134ba783d321274f3c1e4a5c59c7285f5a50377bc7e43f3181399bd928d54360a8f8409b3df48f6f2abcfb0a6a0817c19659e4fdfed215fe4e09d8b852891f5ae2d4785123a515e703cedf2749fab6c01c6a4c476a38f9df14fd25a64fd1856dfc45ff00ae27a6e3d9a33db3cd5e8044155ee9c3904f4fef1f6978fadefd3f5969dbdf12dbf84aff005c61b8f669f8c7257a831f05ee9d1a27a1f5892e41e919de3521f6d0504cbe0165824bfeb3b5957f91882f5c19450faa7560f1a2be49f3896ddf47d27eb1a047024418b61fd235b2999586614951464f57422aa947bd94472ebd6cb4a6de3e22d3b716719a9616958ddee9f1ecfe682294bdd26f765caa0f1c619ad8ade0ecd6f193b4a2a88aa13a128c1b94dafcac3aab5be8c8011e180199947a557ecdf414ab7114e9bc418b130d3e9da69414381ac4871122446867b9ee5db30924b5122431c4a647772122455176666360140d49274c7b4214e282100951c0018927708f84802a6106dfe7a41b37cfcbc5925e08fa1aa65fca5fc7b385d48893a5a4a8469181368e0215d9bf62dc9140f5a19feec1fe623c87538885bdad7ad29fab93c4fc5a776f84f2aebaab3976666927964d59d98c933102d7695cb31b0b0bbb1b74d30d369a6d8486d94800680507842e5f7dc78fb4985f798256eab861de2ef94834f172477b195bd4a71d6fed483cc4116229d242a7a80314769db92b676130e76be04f695dfa27bc8ae91616759afcf632cd129f8d7d94eb96a72d32d61a6d8cf462ecf4401cc2b6a263d7962b469e6bcedce587988d0dbc3ae16b377e1c51a4bb400deb25479d01481e30c195ba8948abce54ee42401e3b47ca09d45e8f8dc5d25b9a8a4908ef69ea01f824a83f87038bbd3692bf680724a7d2b0402c393028515ef3eb1a99a7a3b772f5818450d55396fa49513b91e61677a84d3c0c6479636b77bad34115701a68529f1a007c63e3b61493a9d92d81c4607f5ce02bbc1f4696779602d9657ad4587e6aa544729d7522a615e4bf2f456a2009eaea0dc1648dfd35a4db586f47a1e3f7bba06e6ee832ba99756c9dc711ebe3871854f69f65f69f763218ab209696402fc8e3461a5d91d4b472a0b8064a791d41f5490d701a523694bcf23da4bac28788e633196b0b6b46c97a50ecbe8e4465dc63a7b13b51996ce4825a199e96751a14360c3a952350ca7425245653de0f5c489a92979d6fd93e80a4ee3e6350788a18ab627a66ce5875b51a6fd473de21ff00e19b8c1a7de895a6cc024153d1587ab04f6ee0093c9378c6490fd50ebc888abc574dcb3819897254cebf1279ef1c7b8ef2e7b06f3376851a7681cd371e5c78428dc54f13f986ff002531c25a3a385bd9c7d0ccc87d5a9917dfeb4513fe685998097e6306ecddb4d9c80fbe2af11f846e1c779ee1866276fdbea9b51658346c6bbffb79f280ae5b934b9a7d951d4ff61feb4c1f04954003b309646f56821ece18f82ba28d527cce2d1acf1d31d34ea249bbc96d0884e806925ee6344ede3be041329672a80605c199e083ff00accfd9a0c4b2eefdd52e0137690a938a5b3a0fbc3ff3f8b124073e9e9e2a400280a1458002ca00e8001a003b80e98509249a9ce1b000028238bb59b7bb33b06bcd59554f4cbe32ba44a7c8172b73e431218967a615b2ca14a3b9209f28d6e3a86c556a0399a40b736e36372b931b36628ffab8e69d7f7a28a41fc58bf66ec5a8e8aa5823f88a53fcc4454396dc8b668a74789f211a038efdc89ff9e7ff00b7aaff00d1893fed0b5bf73f9d1fd51a7fdc367fef4743e91deca78bddce671d332a74fd673d38fe72c56fbf101dbbb69b468a975f70dafe5ac4a66d8927bdc753d69e71dcdb7d8ad80e2469fb390c15719f5d248d95da37b10b3472a16e57009175367525183a3329832d3335663fed1bda42c686a3b88398e06253ccb138d142a8a49ef8ab5df5ee7f3adc4d4bc13dd80f6914a05925889f5241d6cc082ae97ba3836e6428cfd1961db0dda92c1e4e0a18293b8fa1cc7a8308db66ca559ef16ce28391de371e5ac6ee494a76a226963244b4c4335b46e51aaca08b58ad89b837054fd9c5b38f00bf66e0052a14c72dd43cfe70161b5cb2ead934cc703101cb32f6ae3febef3f762601589ef3a1b15872f82bdc6d36d7486a664bc548c16353f35e7166e63e221055ba7acecbafaac0ad6fb5b6655a122c1edac5544689ca9cd5e438c17dcbb17e96f19f98154a4d120eaadfc93e7ca1dedabdabca361a2926aa95218e21cccec6ca05ec3ccb3121555412ec42a8248051acb2b7961b6924a8e000ce1e4e3896d256b34035315e5bf2e3f36b76dd9e3caf9a82004af6a403984a05acdaf32c0adeb7aa8ad2d8ab73c2d740e7b1ee4b2d80ecf7695f00f7473d5472dc33cc630b2b52f61a96e5061f11f90f9f988556bea5ab18c92bb48edf3a4918c93b58581695cb3b1b77b31386636d34c2365b484a4680003a085fbb30fcca8a96a249358d639a53f893ee0c47e03185e4fe818f1f475eb4ea3d636dd1e2d08208ea082ac0f8106c41f2231edb710e242d04107511add696d28a1628468637b24e6775efd6f6ea2c3522de07a636815c221bead941541e7856a69f34cd68cc40464bbb3140231c91c4eeca4280391f942953a12477e046f5fb36ec97b68039015c4d4a80a8271ae7fe22faea175768b4028d3127134a004e3c21afe3e376306dad034eabed32f61329d39bb272a950973f4397966201176897dc54973ad032b6825b27b2e760f3fb279d70e44c36ef2c90989252a9da47687cfc3ca103dc967c323aa8837cd9bd830ee3da689fcce4ebdd71df87ada2dedb0a23318f4fed08ea05606342860196817f0bff00738ba029142eafdaacd37c5b3ee4361d377547490dac5230cfe72c9ebca7f7d980bf4161dd8e51b6678cf4ebb30722a34fe11801d008ea2b1e444949b52e344e3cce27c498af1e337882a9df0d4b43137e4b44e5100bf2cb2add64a93d01b1e68e2ea0202e0fb5215cb746c24c9b0269d1f5ab15c7449c80e246279d3485ade7b5cbee9966cf61271e27d042fb142f374c30a00c903382e6e33879aedef4eb12db41cf248473451203d6da73393eaaadfd66faaa19968edab519b265cbeee2a38253bcfa0d4e9cc8893654b4c5ad31f4797eca07bcadc37f7e835e40c595eebb70db17ba35514b02f381633300f52de24bdb407af24415477018e77b4edb9cb4544beb3b3a246091c87ccd49d4c3eeceb1e56cf404b28c7551c54799fd08ad3e2eb3e8f68f35cc5948216510e96eb4f0a44e34ea4488f7bea3a7761f175582cd96c8399055d5448f0a428ef23c1db41ca6944f418f8c0e76653d663f557fafff002f83046758099c3d809de61b3f47b6ce1cc6b2a663d20a7e4fda9e41ca7f763907df8585ff0098d894699f8975ee48ff00e8430ee2cbed4cbaf6894ecf53fd8c391bf7a28b31cbf3356d0351d40bf87e4efafddd709db2d65138ca8661c41fcc21b93a9da97701f855e4629ef67ea0d2c909fab2237c1c1c754ba9da4a93bc11e11cde4ec82609476757e55044f621e4890f85a475047c0e234d4cff00c575e468851e80c55594d6dbed217aac0ea62cbb88adb29b77f97d7cc8dc8c9032a37d5925b47137bc48ea40ef38e64b1e504dceb2c1182942bcb33e00c7505a331f469571dad2893d721e314ec88b1e834034f863aa239d4924d4c4a325cb9a9915c8f9cc403dda5c7f638f6923be29e65c2a70b63411635c0aec95365343dbdbd7ab91d89efe581da244bfd50cb238bf7b9c73edf89c5bf689649ecb69000e240513cf103b843d6e549218b3c3a0769c2493c8d00e4287a983fe799d516cdc72cb33044851a5763a2aa46a59d89f00a09c00b6da9c50420549340389c20f16b084952b202b14a3b499e49b512cf2b0e533caf391d6cd348cec2fdf62c75efc759ca31f4761b67e14a53d001f28e709c7fdbbeb77e2513d4c6fe43198d1cf89b7c3fdce27a728a09a357129dc2b0fefa3c366fe434b57315b19e71183e29046083ee0f24a3de0e1117fa636e75b641c128af7a89f904c3aee3cbec49adda62a567c00f5ac13b8bcdad8363f2bcc0b759a234aa3bcb557b2d3f45599cfd952702977258cc5a4c2068a0aee4f6be50576d3e18927547e123ae1f38a9eca979997c8dfe1ae3a78671ceef1a215ca0d9bd2a8ff008054c1320b82b1542f81e46bdaff00b23e38a2914fd2251c64e67693d453e71a92afa33e858fb241e86b0f5717f971dabca2bfb3371d9254dfbb9209e39d8fbbb3463841ddb74316ab055f16cf7a814f998e89b6db2fd9eea51f0d7a50fca2a7f1d3108182664fb439666746213a4b04a641f691af7f8166d3c878e20219704d1701ec94f8fe878c409a2914c313afac37dc197127b0f94d27c96aeaa1a47a5323032bac48f1bbb4a583b955e68cb48192f70a037427953b7c6c59833a669941525613ee8a90a0026869be82878d34874dd1b41b124259c212a49399cc13b551d4e1eb030e2ff8c8a1de6a351e58cc602deda7d53b6e46b88a306cdd8730bb484013d805e6849696e2eb5d6725dc139382846294ee3bd5b88d0660e7422225e2b7d2b49959635ae05432a6e1f3e99c28608386cc2c4823382551ecd04a38a6537bcac8c3c356b13f705ebe23c711113557cb04642be515530c90e7b4d0811609c19e6b96e5794c0cee882269cc8cc42a25aa246bb31202811946bb116163d3081be0859b5dd1438ec53f0a72ef8e80ba8a48b29a35cb6abf88c281c6671294fbef9521a462696958b2b5ac269882a6700ea23452c91136e60cedaab2d98b742c154836a997c51c58a537273a1e24d2bba80675810bcf6c26654259935424d49de7d0402367688d49f21d7ff1f7e18e81585a4db9b08824c799a6dbd1c5fe250fb323bcc440e536f00a1753f55b14cca0b132a1f6578f7fe89ea2326ce5587b3842de4d16f568041372bbd2afc96443af34454ac2e4126eaf17b324fce747eeb61197b6cc5485a0a711ee3876d278fda1dc71e4443deeada427a452857be8ec1e5a1cce630e241d211ee257860da0dc14923ac6f2d1925a39c02e234d4f67391731b463d5eda4f6728e56e657631a33eefde7627db4b4f2825e181070da3bd3cf767c2901b6c5dc798714e309da4135a0cc574a6bdd01086aa29355607cc116f8e0e3686f80c536a18107a4639aaa9bbc827e27fbe3595a2b9c6c4b6e530a81d2257b09b059dedfb8482096527e82a9690826d7207cc4f1772028d490351a6626d99647b49958427ef1a74199e4318f0969d795eca55256bfba2a073397c844f77e5c31ed86e4238a79e15ec64525da3f5e3a671f4252a2caacbeb09bf37cfcc85837219872ccbcd233cf2d968ecd0f676b0dafe1efd33d699d09662ed4f4bb0971cedab503123773c299790ac0a2976867850a2c9ea31e622f7426d6bdba5ec06be430560a6bb58577c0aae5eaa0549351ce34e5cdcc6a63699ca161218cbb184badb95cc40f2975b0e5764256c2c462316d8f681d2015814070269b81ce9c22cdb7664365a6c94a4e60603be3a9b33b2f9ced9b8482291c9d6caacf291e51a82c7df6b79e3dbb308693ed1d504277a8803c62225b2a3b0d24ad7f0a413e50f0f0efc105553949735508aa79853dc348e41d0caca480bdfd92125b40c50028caeb7afb2760cbd9c73c0b997e019d7ef1a534191836b1ae72d6e099b4b4c9bcf96d1ca9c35d4e62121c8f3bacd987256e3aa329d0e86cc841e8ca45acc2ea458f78c35d250e242c5083883e90bd9a962a05a70508ea0c123765bd6cdb7433a54d110c07aaf19d15d09bbc4d6b9034055803c8c037ac059abad6b299b4e58b0ef30750778f98d4758d9635a6f5993015ae4468a1eb165fb9fdf86c9efca2e7a5901200ed226b09e32ddcc9f54ea15d6eaf63626c40e6db52c999b31df66fa79287ba7883f2cc6a23a2642d26279bdb655cc6a398fd5630e7bc36eea36998bcf94e5d23b7573045da1f7b725cfed138d2d5a938d2761b79606e0a34e95898a976959a4748c543c326e972df9995502fba18ff00cbfd71bffd6ed0ff00b0e7e33eb1157664a2fdf69279807ce27d93641966ce2858228e151d15156341fb2a00fc3154ebab755b6e28a8ef2493e3135a690d2425b4800680003c2375d164ebadfe18d51b606f9cf0cfba4da16679b28cb9ddb52e608bb463e2582024f9b138b46ad59d6921287d600d02954f388ca966959a4748c745c316e932e374ca72f5ff00a31ff97fae377fadda1ff61cfc67d6232ecd955fbcd24f300f9c4f324d9bca76657969e18a15faa8ab1a7eea851f862ade79c795b4ea8a8ef2493e3131a65b693b2da4246e0001e11d2c698dd0ab7145c12d0ef699ea72f64a7aa22eeada525490342f60c639ba0ede346e71a4a92591a23bbbf7a5db34061d1b4d572d53bf6778e075c88a9a8b5b160b5680da4f657f1533e072fd6ea98af7da6d9bda3dd8ca62ac865a497ea38b73016bb2302c92a0b805e9e47507424104079c8da52f3a8f692eb0478f78cc65ac276d0b21f95ecbe8c37e63ae91f325da9aed9e75969e4929a54371246c5186ba8d3aa9b7aca7471a35c69895332cccd20b4f242927422a3fcf1cc691065661f94585b2aa5219adddfa4576d766c2ad7c10d728b0ed14fc9aaaddec40592276f0091c23c4e16d3f7125dc25528e141f84f6872191039ed430a4ef8b89c26115cb1181e3e1c078e074d9cf48aeebb361ed92b294fdb8c48bef061798dbf4941f2c073f726d26cf60257c954fe6d982a6af4482f3514f307e558eecdc7d6e5a3e9553379082a2ff008c4a3f1c431742d53fb2fce8fea8946f0c80fda781883ed4fa4ab6272fe614b47595040d0b7674f013dc398bc920f33f2636f038b597b8b3cba1754848e649f014f18ad7af649a2bb1551e9035a6e3d778db57dab451524012c44615a62ab6d59a5664e637e6d5618c281a83d705d2f70e452901f7144ef0427a0a1f3300d695f99c6dd48976d3b06b9824f8110cd70adbf3aedf44337ca7b3eda9decdc83954c720bc4fca4b58dc4886c75e5bf7d82faf4d848b2661096492dad3505589a8c08a80381cb583cbb16e2ad6614a7400b4aa840ca87238f78ee837e02e0ca3d8c8c8f63232385b63b0db3bbc28cc55b4f0d4c675e4915644b8370c03036653a865b153a820e37b0fbac2f6da514ab78343e11e1684ac5142a215fdbaf46bec2e7249a0a9aaa1241b2122ae94126f7e597db687e8ad6a8b6800c1cc9df69f6004bbb2b1c7034dd861e060566aec493d5294ec9e1faebfe603bb41e8d7de465e3f26adcbea7f4c4d49a78d956b75f227efc14b17f9927eb9a501c08579ecc0fbb7346d7d5b9871c4fca23b27a3e37d31fd1cb8fba77fef4eb89e2fdc8fc2be83faa219b9cf68e08fc27a3eb7d727d1cbd7cccce47e11630dfa91dcbfc23faa3e7fb3de1f68477b25f46bef2ebcfe5159430afd8ed247f818d07f1e22bb7ee540ec2164f24a7c7695e51b1bba2f57b45206fa93e1403c60b1b0fe8d2d9fc9486aaafa8988ff000c0845bea92c67b83e2157cac75c513f7edfaffc765238a8951eea6c8f38b445cf69636661c246e4a424753b47c4432fbb1dccec96e7d5c5143d9f6b62ec599e47e4bf2dd989d16ed654014124dae4dc1ad2b5e6ed25054d2f6a95a0a00057700075cf0e1057675932b6724a6591b35cf1249ef3589be29e2de3d8c8c8ffd9, '2022-07-26 01:21:08', '', 1, '', '', '', 0),
(91, 'Juan', 'Tsi', 'NAZI', 45321159, 'juandtess@gmail.com', 'ADMINISTRADOR', 0x89504e470d0a1a0a0000000d49484452000000e1000000e10803000000096d224800000135504c5445ffffff005096fbd200f5c500004f97004c99fbd000004d9800469dfcc900004a9affcc0000489bae9f48f9c700ffcd00f1c600ffd90000459d00439fffd600005093e9c014ffdc00a59b4ef0c30f00429fd3b521005191004899777f6afffef8fefbe9fef5d4b7a340c4ac301a568bfdeca4f4d500003fa100538ea7975a6f7b6f979258bca938cfb22efde995fef4cafef9df998f623d64865b7276d1af3afcdd52fcdf5efce374fdeca6003da4fef3c1fdf0b6fefae4fffdf0fce580fde996fce16b466983fbd9392f5e8aa2a150858e64aa9958576f7afbd624fcde5a657b757d8a68ada946305d8c948c65e5ca1acdbc3056717640687e737e6d92905abdb33c8f965cd5c12aa4a350b19e50988e64767e71e0ba21b8a54a979b5835648074866bcbb51cc0b634547568808a57577370d9bc16c3c5be560000200049444154789ced5d0b7bd3b6d75f5239f22d56e25c9a9b0324a14d9b064602db60e39286345d425b9a8631b694012ff4fb7f8457b2ad9bed96e6d252f6dfe17980aab2ec9f7574ee927ff8e13ffa8ffe77e8f6add50fb9f21197a127f19f563de4b3c4afab1e7209ba9788271ead74166ffd84877cb67ac6588c9e3e4ac4e3f1c4ee6fab1ff2f6ea865c829eecc77dbabfaa21efec27fc216f02a7dea30f83e9de6a86fc858f9878b69a2117278f9dd8f33c7aba82215f4843ae92f917a0fbf1203d5976c83bf1c4aa875c82ee8500c6132f967ae74f7f0e0f19ff669c4a247a14dd5d7cc85ff6a3865c09f32f40f7c5a7c98a0fb4bfa0047cb22be21387fc269cfa5c7a9a4f69e9a5ef2ef044f725a1154fbfd91030265624a62f4f92c0cb6e4c1e8f8ea4779ed8bd3b1767ddfa45c697dda86e76ce84d796f8fdf6154189a63b2287ae7faae831b3f2695d5e3cfbcfee5c76b81fef05d6dffaeb861953c02b71c8fd95191497a0e7d2d3fc61c2582c06eced0d691ab1d4dfbdf7e3d707fbedf96e404164d31f6c7748f583c4fcd7c6a9920ccd6e0c4b318f1cf82a2d638c2712f1674f2e60d75bf79fed2702e2339b7e5331fd21d5beb418af49a64a1c9afed47462944069f8361d0f1006b0fbf3f3273f3e951c855b4f7fbb7ff7e747f1203c3ce2db6e06b02175fcd684b1ae85537f911ee7bdcba18c14757c14c2e8c1dcdffdfdc5b367f79e3f7f7eefd9cfbfefee478023036e0c545d1c11a80389319e5f35be5bb20ceddadeebceb1273273838d288c14a94be7fd3abdf14745a51348c7547ba2984efc7eb54ee36f12871e019f4395f110f297aebfdf08aec74b517ae3a5c2f081fe67ba1815f3b5205313f14b8be80548e6d097ec7136db2d55642c383e9b1763367d3400b6b000b7cf6c3660e69a38f5d6cf12879e78020160b2adb249fe658f64aaa34f734c6436bdf17adbe4f34786ac25fa900d99399664ea8babe1d41f250e7ddbf099a851a98011b27ab15ca5c1a720a6ab07e3b7e9cb80cca6d36f077d41be8046b3926be48d968effa1c3c5448322b17f159cfaabf854ebaf547fe1e96364adb9a4a586925c85a6daffe3edfafa8520b3ebeb47ef3baa2491612fafadad59f8cf1a6a515d04d4f792cdf4cbaaf10564e868933d8fda9f690420aa394a2c4040dd8c1dfff9368ee73284338be72e7ef6e7716e530581cba09a34dc7796efd8bc35339138f5a7d572ea6fbb920cedabd2f3d4f0dbd606a5e0837a20153b53190e5ebd3edad8d848fb84ff7bf4fad56058b16d25f2aa5295cc621d48efccc9bd95b4ff252cc24b93cca17feaf2646592966619274eec3c028a9ab161a3df197647dbdba3eeb0d36f0035a346a373afe81978cc7a466e85ea1f92aa5dc2d50ed03391b9d2e34ce0c1943c4ab651db8e5d480040a8288aaeeb8a022138179c4b7601cd0ac83a08f402f648e2d49f57c3a9b7650e3d50034fa374d1a8644fe38d8b1f7a2e5213053333494c437ce1c456cfa94f44be48bf91ed5017e1e703fc2099e12824681626d0f88219546f7e09dd2c0636ff943875e990f1ad67920c1d478913c57d8ef317d5221021ff3b48999572eaed471287f6821cfa4dc83c903875a990b1c4a1eb6f94483e8c101a51722452b684daa22e0cb528ea4b49fb2fcea9624a229bfee33110dd2446514d11a02be1b6882ba37a059bf0509b1f644e5d0c9fc4a1d9a31ed1067aab1a9c4727d90d2c17d0af9bb120a9f99036d1f7b60383814639b80e406f273898d93e006a80531791a9010eadb896b1ba530bdecf296f0564ba32b29aa1f7de48f48272436d270383c1a111d439ca493130892057c4af59515e2dc9a92287c6d70758cb435d774ca3081d5da7b7244d3934c32dac09ff37738abaaa2e183e58cdab5554c8086de44a07e51547be3289b6852b016eb277d00437413e9439413b7828a774227a2ef3a7e1f6f9c5d98d21e63030dc7af0e054b3defdf560abe33d15ec6e3df8aba6597bb8c9373f2ab8d38335ab7df860eb6ffaa0ca61ebc1e1cc2a1ee25f2974b2703fffcabe7725c02d876b56195fe9af04d0f4067b889bb63d884a15dfb16d597f3d78b095533b624c687f5eadc111a6df409743cd0132b03dac21c474bbd24206b1ba91754c1fbd9747c4683612ef187381661b69a45ba2cd78509ffa83195fe8951d7ae529bd529914fda6021d2a769af0ee98ff07c6145be0d4fd39238db7b80c7d4fbd1bb357c6835bed03eeac9add1969aa5718fb29b924f117f327424402a8d322f1865a266f3387de950dceb831f7ca6295dbbd4a85b82d567ec4e40fb04fc85056d2b506a4f0c6edf9103ea5d76d0cb9816f8eb0db66744401a81ee2978c2a821001aab666697bb2e4b41f5a9655960c22933848e84011af2ce22bdf890e0534119eb0a9286033ef2cec1c6ffa43d91d16889b53f1dfa62c3a14c49d796ae4d78c3d5100da6d236f1987428853e91ada99912a099d309fa68c32b23a224275870cd612e43096a4dacc4889925919212b6fe445d0999431d38c2e7d337a7fc37fd43915c66f1461874f0f7ece8766659612ac0c70806aa583bca8ebcc9ad5296d652525a99c24aa9b2354101e1e34520f338d594a78376601f5365b5951499a3ba94ee65d5c088fc07fb25b9b3dadaeb2711644f82365d23e8703bb531300e59d30154a756cc720ac71fd072aa77851aadd96c8cb4aa163c6f4ce3b610ee1f6a18a3dc65361fcdc69135f79bc25c4a49a35bcdeeced433e98de1aaa31a5794aed2150a108e70c4edda108450ddc24f7064e53787657c400b329b6902b14d922cb914980406c0c0f5681a12b9b7aa8c9bba352a10873474b220c5927378c005c12e15184297cb348a7c274518451fecc8d22f3cc439858142175eb424023020c113e53f8892e75dd253ad12ee6dbc510fac54ed9235f8a55429ec124d8003a618fa25709b4c4e024e81582837ee8e987a1c1fb81b81b1b475d0d42d099c98e1b88a582fe9e590bc5a2cc76d865ca87fca3eabb6048cd46c1c1f5070fa4c4291fc77ebd1cc233efa1953192dfa1f205051f5ecf077d475049057d4770a08d03efc14ca68291df7f50f065a975d937e6e3a8cb22c46fce31d5521d554ba6e9dfd631cdcd5363ca1bb0fd68da7d9487aac98c6bc5343343545655d3119a4a55d47e6c9a2cdf629aaa92477ddb64514ad2696ad4364d53173ae534adc10697c6591e21c8d5da0fb1e19c7ff8b0ed396e4e123760270037f8c606ece2969965b51fb677fcb956fec64d79cbc29d6abec6510e49d31a694a7a7840bf8e7fb0ac19fedb5f7aca1477c2ee036e29781041cf1b9c7472cd29799c4511dee173082a353781a651d601b164c26d4854d98bef6ac403b450bbc19ab691d7c44d3aa59a20692a0b31df11f667646ccb28f698cf397507b7508b8a4fa55334dc91f27d253cced20815e2d59cb87e6183b3cd17fc96ad59872f32a5b2431cd3432153a637daa4e9446872fac4295c1b713f119a2de2e39ee6f8ba337b79dc293f143ac124f196f71418310e95340b6a7c4f96829866695a922f7500f39666ed886bdf9c6a9685faa2f4510bb8139262e1ea0e6e2aea429332312c4b1b8b02c969e34e3347ec34c29db8c7248da32e87307e44ac61e504cd0a1ae292120e51b1602151eeab33942ca33df149ed94519821d17704d0d00a79f4b720289d3df4b086ca8214060786d55a43a24a346ba856473cac288e4335febc08a9f7e4da346abb5e514788874acd5ab9a10e532dfef0b097a8dae01409721f76132335572f0aaa4d39490dd5caac2d4cbe9e2a40f52f51f5e8d37ccfee8baa07fb922dc7d9e20a4b1c675184d4033ec26b1934c698659426536400ff17e2a537e073014ff0a2046655304f94315eb8b849986965807d1fa08c0577f29fbff162727a4296090c620af6b4c6dcf681c75dec989a5d664689e338be5d3aaf074ca318ae6fe1259b8594337017979483767d3b3901a59cd304c4266f1008c39dc4c161a093308e42bda73911d248d4cdf70f01453867248a4613378289e69b46a04211de9e0f218d086f74c28ecc8d2216899a37224c11a603f675c83f0addf19a3b80038a70dea8feae8f702819f920e0fa80662c4081750b2a010f1134023f3773c10e73dd0276fcdcc5ee9c007ff8dd4728bb316ac02b34dbb2f71a4a002a0f0e653f482dcbef20947e9cf316ca24bb20c2173ec20fa2e309fa721610548a72c6141e1bb268326b75d9af6b5a725a542f17241772de5b28237f0e1fcd8bd0afc1487f66f7571c2773885a19c7af5fc33fab4354c73ffb2f41779c52129dd8b403701cc75cb362a6e31ba2e48a2eda29d12b20fe7d05cd7037de61be5be0165aceff625e84fe9698ec4b56a9fb606f6b2b6f155b5b7b6e1650a9e29fcb96b5b5b5b7e72e25b0871bb0c7811bdcb70e7aefb6b66a9655dbda7ad703f40aece83dd8dadb223fc32eee803d4ffcf79e3b2d73df8230c9c047387786f4171f618d25082a0ffd2ce08ebb92002824dc9fd1ccd32800fb7a7eb6cf73fff413e4f975c6c89d02e2577a57f84b4b99fae9c7a227cfe6bf0546f8d24338ffb6a1273ec2d73c75670e48eaae38f01d3ea08ef2c40f2d506b0ac23d37dbb74d53874e877888d6c3becf63d8d174937f2deae8f949c41af50ee7bf454cadf90ef0dc05a777fc3cfe5bc1c457db9665b579decc26a93c8d6705430940bd4b128e132eacec537c45915fa11ee23912d28ff3df42fde4239c7b2fd96f3ec20dc847ef5b46dbd0b8f0cea48cb285b86c8443c32a1b6bdcc135936896374eb95fa7a78cb690fcc37e99312b221e289cff16ce82216f6e98a6b9fa520668b4b98d98570827d907a54e8a7b7b6632d5291d264e989755293e84f0a1c574383c8e1f967a1a7365411f254912d15efc16b1055d0b4cbe224df36c2128e005a577f69897d69a98d84b7cc7ac16fc5f25664e58ea100e1f60bfce9932bf4e6ff5f015cd77d48c51aa272a5e5befd82b98fb163c413a7f019f6fb6ad7396cac5025940372b087876cf4b000afada2b33d2b9e116bac2552b0eeb30f72d60cf5716fb7303a446cdfa87f3ab9b6f0029a3f5058d36561495fe7c232a2ecf23879a340b14ef5195ff2af3f5fb7c3b32dffb0a7f819d42bf5295bff9f5fb7c3bb2777c65b1408d2955f91ba5afdfe7db91fd36bea0c2e7b1a87428fb0a1c25487ab04ba80721f095df638a166bf0bc7162baaf2c128b1498fa718cf57f02911a08cf52014a8c027eef30d8c3edb5cd5e44e66354074cad28b9a616e44e3cfd0c1ab43a71917af647fe1c7e90270882b2b616244b86a80c8d50176ca00a08cb564407d2e73002a25a90eea8711759395e5f581db29d32d93f25610a631100b18724415486117d2e8570cd6885d77d10219f4373eacfe142c754dda5c254bc2530a3006288d65080b804c2353408410c21646656e94d7641ef90103d7be648acb7d3a3019227eb7288cb205c437b4188e723dcf4edeec5ce05630598dc97b900207eb2210fe92c8370cd98062a1e8208598413806544e90fb77cdb3b3d620fa6d4cf078819954980e51062469595c6b908e18456412fb635e8271fe1807bb0c58b1e4c63081697a5de400559a09e8b503f593494e8d13d6a99320715e68507d35c121b38c22e0a23b05095233c93af247401c2a4389c861842f5a5efc52e78ce12b54ccf18cf88088b8d262628bc5e8e3096039f837caa15843251d06c2a3b6caca2d26c56be1842d740015605d6586763bbc2c661f5500bee266535a62cc62c21cc91edf2762b12614c4d85e6704d2ce4c4570a083300e85d742e420ca5c66e6370b10072fb8b5ba5849ed2fc1373f365846e25c4562442f179d9afc792885445842e635f80501511f2b01475f0e7cd8e32a276db7b7ac34b232c4548126b26997f2b40c8e2ddbb8beeb2a476dbeb0b10169046095d5e9606103e56d5cc707e84b66fd1c45f2c0890c6bde31b74058511c2499513ab1752ebbc9ff0bff23908d7da988459bf244296c29f3fde4d896dbaa0e2398c906c42634401c28ef0b4c2931b62de4c446811e2938d2e879025479738cf858a9ab17e2ec228123574ca9eb16bb49ae0a688086542b550f97c24427d7b19e7d023ff10c3ec1b7b1e84a0c2558531ce6cf33529d6899d8b501b6f86468e4468fee92fc3df170648e36df18db9e6d09c324c563903ed369fc424cf609f8b502882fc0a42ba0c9738918746a3d6fd057439840a9f426ddae975a69c672d1ef4399f4bad54a8603c0a21e8a797d3f72ed1e4c57bfbf208f591a8ed251182999669fdf311ae19c9cb481a67bc9c63e1911fdacfbeddbc3cc2286dcff072ad7f0142a22dec1223108d70f3d3a2551822d18598f644440442c5e1e49d1e11a9edd9c333ff424418f62df4429dd20e29758e406852265dea602ce6e77bc38611ea5f5a9cdcd52a6afb884964b5b222c2f16030109d94826ad635cb232d158d9079bff3e74625f24d533f7b11466807ad36d8bf082009052a2184c5c78e69cb569bc9df53311aa1fade67d2b9cbbd64a2479b1cb981e608bb742f607907fcf130425adc615f68790b0853954884199afc7db11440ea05fb865b04c2807f081a5c55581a2761cdf9dee6920821d3154b9ea544b317d93fed2042a82b8a529211c24c8b6bfb7caed9f029c7e5ab76ba094926625340b8a928e6b95c9a02bab21942c88f8c5af698213f1c95758bf62584a36eb73b1ad64484eaa4cb7b583b43f7d43c4ccd2e8f42aca58643a80c47436eea148778a8cf52144344381a8dbafc471f212b605f3008c589b26996084a391265109222518feb62c888859ee0302e8a1f54564b67d2956420595b0808dd1b090e8a8b10d04deacbe90a424c5f90302d485d24288d93c7b216d74e284229a661b5d58ba389d8a631cfd539865b5cc3b2db2b380993ea8b23d53dcde2fce7d266cd52006175218456b103cdf6791dbc4802db29b39441e3113dc6659d14cf950ae742d4ce7230730ec2c93c08ad545f8f29a3b5e81e568a9430b1dae7559c48ff235d886e962d333dc726d3ce9a30b60a847806c955e630724560f8ee56202a4913ab3858989ee3b2e19a35762112a2956fe23baf00a165f947a7389d288846d70d4fdb54ddc757009059dfeb5e524bd07841802b4068a53a2c60d72c86cc2363dbb588409fdaa42bf96c0295a6d9575e5eaf2498a2943c80b14cdd105b99b69824c46683688bd0101e7180f8b2cacc907f8b5a9e9f9a794f997435e75ffe44d9d4f70833d3d3a44c35ff1c1df3b3d47c3aa43bc16b527b4b31df2723e9b427063060a520ff7aea47b2542a6756204909dda5b62975d01d3548d4190efc8685176da9190f63868690aff008047eebdf5fa7f5f9abfa6202b34ddf868f61fb269479bde0b942e712fd324a708bd037227840ed9925c28832d19a85f49f81a30ea20147b6461fc90aa35ba3aee78dccad58e177cb7603b2c627f3ff42814df22cc7c15820693ce844808193a8ed8dca71b8113427ac8e98eda99c7bbbdaf9442db7b45c42a0a7221082dec7885a3f67dc8a28595393dd88b7a197434781c4f41396cb60c9fb450f848c225ab81f3f12eba394e36ce80c12e2f55b11b8edfa594415a7920f454649ad1a1a87de466967466f6d53cf70a507ec5395b8ceb25058763f4e1a7b8fb108e72f9cb49666a85b5255e1197555b59b29d4c42a43c08e154ba667a432f812618331d6229b55d4de141507b91eac19fd8c7b3d6019a7a57d5f91ee53f3fb931f1aee175aad56d19a4d5badf77cb3c104b716b055366d153ef389fa3fdc5ab3b41a6efdc0c10c706bddd2c815c7140c68bedf6bb56656110f5ea0bb57ddeb4f2d6b875c0f63a557d995cb1942d4fca6e7b729c394bb03494bcc847db4f00479fb92e23bc286f4dc34e19e916824b6f8fe4fd0a8c5bd4d4fa82a3041bfec9f8b9862db1241ccbbde32b27b39002aec34c8950264764df68dbf1c14af00442b486688d3f04ceab1706a620cd8c3946b9d0f55a9b5ea9ef031eb8b7684774e46e0387675e2464f8ae47b21999754ceacf85b65eca44876801b30f16d03672162e00d023b19902a2689f46bdb016dba49ce5c340e0272e9b17bfca49c42544915997692216a919aa473efddfe1ad1d0302bcc5086d8a5d0b4c05e6f736058456d16d0ef6a8d20ac07106207a368697b81eaa01c19168de4ba8da47b3d9e6c95965fc45fac1820cbe9b34934f7d0d42cc4037584663935cad51381fdd110cd3afd193a90de06e867eb8d612a2fcfa17e124fc231928ed407b154bed72fa303c0b7392d1d260dd38bb83489007cc4cbca1e7d941082838f070e5007f289514a152f2b45af0de48929eca9d0697e9495be5adfb681da391353f9ca763da62b7a72aaf3295ca9aaf0e80e9b448f059bee9e25bd59a1efd9fdbbe16e9e340ffc46af15f6898801263d4fd7ffc7fd8604707c9ef0e7b7e2a6b821f45b81d793e85ca0f6b9c176251fd3fb9d4ee21faaf89c94e5a0f4a3f77725b2b5d100e156d8917ea4addeb949b48d474957e4faca44836ef174d823008dd0a9db84bbbaa1c2184cce741c61d69576a24c73f5a35446ef5041ba54eafe7cdaa5085f86b642e92314e12538ad7c8461bd39db89f81486938ac00dfa7171b787fa9966ee17da7cf075a2a65bc08922fb5f4a3574a22ae2b9fb649b4b6966f41c458152ab0e519ea4ade456b58b8d51456c75879da242896f92b1d9145ed56782fd00bf9f6a63ef797bf46594b2dac3ee68c46a5be164fb4bf7c4d092b895bb7bf078f4a53b35ac41b7bb2d9cbb381a7d19d6adb5116e65ea1534f0b0c7336c08e1566fe1da2ca17645532888d3b4781e346825102299a604b725c9216f5944d4348a97b951000eca6eab81b282e18a6ddc38316711cab6387328559440d86a42c83fa00a36ae781512a2e294958179cce3eeaa27dbeac563bdec13d798b45ae2574da0397523bba9aa68b82ae0d4335187e2b0e6819b9db1dabee1aad222afab11a41eb10f1ca77ba208d155f2243b8f03a69a6b8c4e03866b69408cd1ae2c6bc0e629b1b70f64790c6d6ca25a33dbafbda069edab9c426ed864df8a910a38419a66a5028eb93920f9fb72c008b7eb24781d70ed01989158b86c8ce2a5480a6dd67c26cfd072d9ab306738d1087f7c5d2cdab64f51a1534e041e509d19e3493e219fe6029aa9d4a46aa582bbf9d0eca080025ac41924ea8d3a6ab977625b9a571bbc0813fb7cde113ff50fe4f2db19452dc827d1c0de59cfd69bf596c47afa49bb61aa9d991ce03193a78a92e9060e6f353f4e6d98392cbb8d2566af2db44dedf2c4fcc4f44bc6a7a0d37788d938940e4c8213b21b1faa81cfcd0d89ca5302c7e88209313c9d837f2484cd897ba65e8fe0ce30659fb87db50859ae4dd418fec92301630e4a16356bf5205da615f06121db2bba6ad73e82a8ed269ceb72f554626266a952cbcb11fbfe4cfa4364a266d9f03de6e1508bd36553b8f2ef1e4610d518d1270ec24e38604d0e568e3adb5ddf8e8208436f0e7bf6d7a22928b17846f64d4418db8cf48dd4fa30c2cb50ce22be46071af92042165fbb6a4d41897d377efd389c8b30cb119f0904b15484a70827f16af86d3883403c27a674981cbd7a31e31115367c338dff28e4cc6bcbc8a9fc186c4cba6966ba286f9ba660a1027262f6149143ad85e37401eef3b86c0c4afca86bb23597a9c2254b492f4f7798c67825196f835a3259b7b47a32593be15b11dfe3d6b265e1bf6b13ee1b254f93eff2563189ff650b17766aa7c9a465cdde256b05f6f24a2fafc52095897d32303d12377ac7a6de01d7863110bfdd52f38e284345619301ecf85f484265c188d7bb793f57b0c34ecdd6276c115eb13523d22df63528894f81dd2b7a817a71d1017bdbad94a9c7a43a0bb5e565056cc94b815e450eff221280fcabdcb7af0f21dbd5164fbf91d2a12ad902640c03c2f071929c5916d47e9bb3356b2d1570ae002cae59569d0be90cfb7afc95852ea28959e0eb1fc4f9da6c6bc5356d2710a9528b5ade32a6b234853d377c1f48023b5503b7a6186798dca5b8461e25c4f9548c68804abcdeef940dd9145086d964ae5bcccb08cd299a3a639494df865ab7b69542829e8a089b2c1173ad3c4a8805deb26f79cecc9c1654a8984939ddafbeaada40cfd57b32ee7acf0666ffa3ec6434ea242bd0a5a50025563973cd3c4a88cb5361bf7e9ffc9785ef29b91f2967e17b9f2a6e299c92938e98054dd74fd11b5ed08ed5afc513d7cca32e31bdbf7ec24f8f94fe09fc18f9cb4057e9276e705f9fae17891e4c4f0e8c8e303a5d9e8bf22882270b9fdb15369831135f45a1ecfc74972dc5233b0a0a38884a5b28a3a84f23abc930c40c2b2b595585dedcc4be281fe965c4ccc12c224191a9d5225ad5fc38e851081f6f5e59fddadcc49868fd8f800a0410c2cdb2d6d7a178643efe012a6b4507065bf58e56dec4ff0af3687fe0dfa75c5d75d7bcc4c2fcd84095a600f67b9dce50d35afd4ea7c761f7706b55d34efa9d1ecfa5e570637f4fd326b82b17c2ce90cde04aaad5172516978a6ff4a58f19f4cf10d933695946ea849fccd54d21cb6d4579e144b271c2700d760b9579f151f3e89b2f428f98f596dd900234d0f1b62d18f5a658ff056a6e4d3b4a8a8938f3a0ecf51db30232a07080df42138a44336ee4804529ab6877897394942d6b9021690b4df898aafb3a32647f98257cd7fcf19b6fab0945629f64c56e8624239d2af9fcce4e405f987b246dd10a1e7555d77067e19025e6505c4555c9bc24481b49a0aa75543bd402dfaf06306fec258d592005d344d6b88ed8dbc88cb994b93eb7fe7ce2d226fd99cf22e8a7aaaadac91f4a60b0ac19da2afe4bb2b79d29f699cdc3949fc4513f7080df56ca506236787c9de705e1b0679204c567d39b3baf55ff40ca65f4830fd2d7659ccf2499a14e3cf96af638c017df1a9b4f2f38c463b6eebcc7071ec00e3d5ed23b881bb83fc111adfd37852b1c01e0b5c47f2f43f4ec3ac2a89da850bf3e0e4a1c42762d287148d706f7795758a9be2c718f3fbbd18baaf26ea722a2faf65a398450e9f3c0d3b57bf51711f7a4b21b0dd975a838a659d18c51c93485efade44cd39e20ab6f9b8ef8151625c7017e53632d4c770488e2d7c463ca17b73ed82dc0f8cc8bd33f27bced76a9b5d417218a5a1166f0660114926e1862536454b3e1d9645abe275804f624ef6e2e34ca4dcea98a22cce075a4d1e6231642c5103b6224ca2bddd66a8ac4bdd84425565d4bfa60e28d0628b8fcd8e7ef8b10f52ef9c4e156c0efb55b1af63c8423dc94a600f0ba924cf3d1dd7366315347b33a0a7e305699a1facce0a938e560e3a603e4dba35cbdc8e36f0d94cc9406f163bf18d6634b6598983e569309ea113a22c0156e685a313de710d7477476f493ed1266ca8ef7d521f5a5a719f5cf58f080ccc83776d4e1773083849e09b378c218d0b3d1fcb94bf9990a6fcb88ff390f666743000002014944415415bbcb2d991b3c838444469d0603700000d841b552a85ea3c4dda59b3d83840488eb2f65073f5701c09c1aa90c0039c9882bfdb1febdcc20a1bbc22cbe31253f3089c8e96df88f7126643640e69500f066388417d3dd3887f85a3a203073e29e92606905a19e5ba97c4a7f5f00f9a13daeeeef886e935371b7b675852480732098a237d29289226ea3c6b3e92fa2bcc9942dcd12778395042df1fd00143d0d2c6fdef31d8a58f96b7b7954a07a046406eb42d79be64d5c443fee0b10dfb00a77675aec6ec23add67a24041c6c4f7bf27803ffcf0745710a96c319a2f818e27aeeac567cc832341c6ecafea0488eba25b3f09f226fbc10f727bbb5fbc292d7d1197e0a39b1393b93409165c7cfd9519488bc2cc4b81436f4cd8703efa45102269596d600e7d9b167efd7da8c130dd173064d3830c97a9a5aac0a157b35df27ae84741de601b8e26daf49c9079c132e67aca62af864479833dff633701579a6c88001f7debf4d9922438c544e0005d31451173f39da5af9360c2118173dc3b12454cfcfa8bb9564fbf3d1239359b16444c62f7dbe73f5742a2661429f1f377be04393d8946f86fe0504a4f1f85a631b1fbbd19a25fa1e74184cffe351c4ae9cebe308d89efd88c399f6eb1eaa278e2a7efd093b80cdd8f27fe7d2246a6a7641a132ffe652246a65fe3f1ef27dcb418ddfad789d0ffe83ffa8ffee7e9ff011b3e3cef27bd3efb0000000049454e44ae426082, '2022-07-26 02:00:05', '', 1, '', '', '', 0);

-- --------------------------------------------------------

--
-- Estructura de tabla para la tabla `ejercicios`
--

CREATE TABLE `ejercicios` (
  `nombre` varchar(40) NOT NULL,
  `descripcion` varchar(255) NOT NULL,
  `id_ejercicio` int(20) NOT NULL
) ENGINE=InnoDB DEFAULT CHARSET=utf8mb4;

--
-- Volcado de datos para la tabla `ejercicios`
--

INSERT INTO `ejercicios` (`nombre`, `descripcion`, `id_ejercicio`) VALUES
('flexiones', 'Baja el torso hacia el suelo hasta que tus codos formen un ángulo de 90 grados. Mantén los codos junto al cuerpo para lograr una mayor resistencia. Mantén tu cabeza mirando hacia adelante', 1),
('Sentadilla', 'Colócate con los pies hacia afuera de tal manera que no queden perpendiculares. Es importante que mantengas el tronco bien recto sin tensionar la espalda. Comienza el movimiento agachándote llevando los glúteos hacia atrás.', 2),
('curl con mancuernas', 'Sitúate en pie con la espalda bien recta y los hombros relajados. A continuación, coge el tensor y agárralo con ambas manos sujetándolo con las plantas de los pies. Una vez estés bien colocado, empieza el movimiento.', 3),
('h', 'curl con barra', 4),
('h', 'remo', 5),
('', 'press banca', 6),
('', 'press con mancuerna', 7),
('', 'sentadilla con barra', 8),
('', 'Aperturas con mancuerna', 9),
('', 'Peso muerto', 10),
('', 'Dominadas', 11);

-- --------------------------------------------------------

--
-- Estructura de tabla para la tabla `modalidad`
--

CREATE TABLE `modalidad` (
  `id` int(11) NOT NULL,
  `descripcion` varchar(255) NOT NULL
) ENGINE=InnoDB DEFAULT CHARSET=utf8mb4;

--
-- Volcado de datos para la tabla `modalidad`
--

INSERT INTO `modalidad` (`id`, `descripcion`) VALUES
(1, 'presencial'),
(2, 'virtual'),
(1, 'Presencial'),
(2, 'Virtual');

-- --------------------------------------------------------

--
-- Estructura de tabla para la tabla `roles`
--

CREATE TABLE `roles` (
  `id` int(11) NOT NULL,
  `descripcion` varchar(250) NOT NULL
) ENGINE=InnoDB DEFAULT CHARSET=utf8mb4;

--
-- Volcado de datos para la tabla `roles`
--

INSERT INTO `roles` (`id`, `descripcion`) VALUES
(0, 'Cliente'),
(1, 'Entrenador'),
(2, 'Administrador');

-- --------------------------------------------------------

--
-- Estructura de tabla para la tabla `rutinas_jueves`
--

CREATE TABLE `rutinas_jueves` (
  `idusuario` int(11) NOT NULL,
  `id_ej1` int(11) NOT NULL,
  `series_ej1` int(11) NOT NULL,
  `repeticiones_ej1` int(11) NOT NULL,
  `id_ej2` int(11) NOT NULL,
  `series_ej2` int(11) NOT NULL,
  `repeticiones_ej2` int(11) NOT NULL,
  `id_ej3` int(11) NOT NULL,
  `series_ej3` int(11) NOT NULL,
  `repeticiones_ej3` int(11) NOT NULL,
  `id_ej4` int(11) NOT NULL,
  `series_ej4` int(11) NOT NULL,
  `repeticiones_ej4` int(11) NOT NULL,
  `id_ej5` int(11) NOT NULL,
  `series_ej5` int(11) NOT NULL,
  `repeticiones_ej5` int(11) NOT NULL
) ENGINE=InnoDB DEFAULT CHARSET=utf8mb4;

--
-- Volcado de datos para la tabla `rutinas_jueves`
--

INSERT INTO `rutinas_jueves` (`idusuario`, `id_ej1`, `series_ej1`, `repeticiones_ej1`, `id_ej2`, `series_ej2`, `repeticiones_ej2`, `id_ej3`, `series_ej3`, `repeticiones_ej3`, `id_ej4`, `series_ej4`, `repeticiones_ej4`, `id_ej5`, `series_ej5`, `repeticiones_ej5`) VALUES
(80, 0, 0, 0, 0, 0, 0, 0, 0, 0, 0, 0, 0, 0, 0, 0),
(83, 0, 0, 0, 0, 0, 0, 0, 0, 0, 0, 0, 0, 0, 0, 0);

-- --------------------------------------------------------

--
-- Estructura de tabla para la tabla `rutinas_lunes`
--

CREATE TABLE `rutinas_lunes` (
  `idusuario` int(11) NOT NULL,
  `id_ej1` int(11) NOT NULL,
  `series_ej1` int(11) NOT NULL,
  `repeticiones_ej1` int(11) NOT NULL,
  `id_ej2` int(11) NOT NULL,
  `series_ej2` int(11) NOT NULL,
  `repeticiones_ej2` int(11) NOT NULL,
  `id_ej3` int(11) NOT NULL,
  `series_ej3` int(11) NOT NULL,
  `repeticiones_ej3` int(11) NOT NULL,
  `id_ej4` int(11) NOT NULL,
  `series_ej4` int(11) NOT NULL,
  `repeticiones_ej4` int(11) NOT NULL,
  `id_ej5` int(11) NOT NULL,
  `series_ej5` int(11) NOT NULL,
  `repeticiones_ej5` int(11) NOT NULL
) ENGINE=InnoDB DEFAULT CHARSET=utf8mb4;

--
-- Volcado de datos para la tabla `rutinas_lunes`
--

INSERT INTO `rutinas_lunes` (`idusuario`, `id_ej1`, `series_ej1`, `repeticiones_ej1`, `id_ej2`, `series_ej2`, `repeticiones_ej2`, `id_ej3`, `series_ej3`, `repeticiones_ej3`, `id_ej4`, `series_ej4`, `repeticiones_ej4`, `id_ej5`, `series_ej5`, `repeticiones_ej5`) VALUES
(80, 0, 0, 0, 0, 0, 0, 0, 0, 0, 0, 0, 0, 0, 0, 0),
(83, 1, 1, 1, 2, 12, 12, 0, 0, 0, 0, 0, 0, 1, 1, 1);

-- --------------------------------------------------------

--
-- Estructura de tabla para la tabla `rutinas_martes`
--

CREATE TABLE `rutinas_martes` (
  `idusuario` int(11) NOT NULL,
  `id_ej1` int(11) NOT NULL,
  `series_ej1` int(11) NOT NULL,
  `repeticiones_ej1` int(11) NOT NULL,
  `id_ej2` int(11) NOT NULL,
  `series_ej2` int(11) NOT NULL,
  `repeticiones_ej2` int(11) NOT NULL,
  `id_ej3` int(11) NOT NULL,
  `series_ej3` int(11) NOT NULL,
  `repeticiones_ej3` int(11) NOT NULL,
  `id_ej4` int(11) NOT NULL,
  `series_ej4` int(11) NOT NULL,
  `repeticiones_ej4` int(11) NOT NULL,
  `id_ej5` int(11) NOT NULL,
  `series_ej5` int(11) NOT NULL,
  `repeticiones_ej5` int(11) NOT NULL
) ENGINE=InnoDB DEFAULT CHARSET=utf8mb4;

--
-- Volcado de datos para la tabla `rutinas_martes`
--

INSERT INTO `rutinas_martes` (`idusuario`, `id_ej1`, `series_ej1`, `repeticiones_ej1`, `id_ej2`, `series_ej2`, `repeticiones_ej2`, `id_ej3`, `series_ej3`, `repeticiones_ej3`, `id_ej4`, `series_ej4`, `repeticiones_ej4`, `id_ej5`, `series_ej5`, `repeticiones_ej5`) VALUES
(80, 0, 0, 0, 0, 0, 0, 0, 0, 0, 0, 0, 0, 0, 0, 0),
(83, 0, 0, 0, 0, 0, 0, 0, 0, 0, 0, 0, 0, 0, 0, 0);

-- --------------------------------------------------------

--
-- Estructura de tabla para la tabla `rutinas_miercoles`
--

CREATE TABLE `rutinas_miercoles` (
  `idusuario` int(11) NOT NULL,
  `id_ej1` int(11) NOT NULL,
  `series_ej1` int(11) NOT NULL,
  `repeticiones_ej1` int(11) NOT NULL,
  `id_ej2` int(11) NOT NULL,
  `series_ej2` int(11) NOT NULL,
  `repeticiones_ej2` int(11) NOT NULL,
  `id_ej3` int(11) NOT NULL,
  `series_ej3` int(11) NOT NULL,
  `repeticiones_ej3` int(11) NOT NULL,
  `id_ej4` int(11) NOT NULL,
  `series_ej4` int(11) NOT NULL,
  `repeticiones_ej4` int(11) NOT NULL,
  `id_ej5` int(11) NOT NULL,
  `series_ej5` int(11) NOT NULL,
  `repeticiones_ej5` int(11) NOT NULL
) ENGINE=InnoDB DEFAULT CHARSET=utf8mb4;

--
-- Volcado de datos para la tabla `rutinas_miercoles`
--

INSERT INTO `rutinas_miercoles` (`idusuario`, `id_ej1`, `series_ej1`, `repeticiones_ej1`, `id_ej2`, `series_ej2`, `repeticiones_ej2`, `id_ej3`, `series_ej3`, `repeticiones_ej3`, `id_ej4`, `series_ej4`, `repeticiones_ej4`, `id_ej5`, `series_ej5`, `repeticiones_ej5`) VALUES
(80, 0, 0, 0, 0, 0, 0, 0, 0, 0, 0, 0, 0, 0, 0, 0),
(83, 0, 0, 0, 0, 0, 0, 0, 0, 0, 0, 0, 0, 0, 0, 0);

-- --------------------------------------------------------

--
-- Estructura de tabla para la tabla `rutinas_sabado`
--

CREATE TABLE `rutinas_sabado` (
  `idusuario` int(11) NOT NULL,
  `id_ej1` int(11) NOT NULL,
  `series_ej1` int(11) NOT NULL,
  `repeticiones_ej1` int(11) NOT NULL,
  `id_ej2` int(11) NOT NULL,
  `series_ej2` int(11) NOT NULL,
  `repeticiones_ej2` int(11) NOT NULL,
  `id_ej3` int(11) NOT NULL,
  `series_ej3` int(11) NOT NULL,
  `repeticiones_ej3` int(11) NOT NULL,
  `id_ej4` int(11) NOT NULL,
  `series_ej4` int(11) NOT NULL,
  `repeticiones_ej4` int(11) NOT NULL,
  `id_ej5` int(11) NOT NULL,
  `series_ej5` int(11) NOT NULL,
  `repeticiones_ej5` int(11) NOT NULL
) ENGINE=InnoDB DEFAULT CHARSET=utf8mb4;

--
-- Volcado de datos para la tabla `rutinas_sabado`
--

INSERT INTO `rutinas_sabado` (`idusuario`, `id_ej1`, `series_ej1`, `repeticiones_ej1`, `id_ej2`, `series_ej2`, `repeticiones_ej2`, `id_ej3`, `series_ej3`, `repeticiones_ej3`, `id_ej4`, `series_ej4`, `repeticiones_ej4`, `id_ej5`, `series_ej5`, `repeticiones_ej5`) VALUES
(80, 0, 0, 0, 0, 0, 0, 0, 0, 0, 0, 0, 0, 0, 0, 0),
(83, 0, 0, 0, 0, 0, 0, 0, 0, 0, 0, 0, 0, 11, 777, 888);

-- --------------------------------------------------------

--
-- Estructura de tabla para la tabla `rutinas_viernes`
--

CREATE TABLE `rutinas_viernes` (
  `idusuario` int(11) NOT NULL,
  `id_ej1` int(11) NOT NULL,
  `series_ej1` int(11) NOT NULL,
  `repeticiones_ej1` int(11) NOT NULL,
  `id_ej2` int(11) NOT NULL,
  `series_ej2` int(11) NOT NULL,
  `repeticiones_ej2` int(11) NOT NULL,
  `id_ej3` int(11) NOT NULL,
  `series_ej3` int(11) NOT NULL,
  `repeticiones_ej3` int(11) NOT NULL,
  `id_ej4` int(11) NOT NULL,
  `series_ej4` int(11) NOT NULL,
  `repeticiones_ej4` int(11) NOT NULL,
  `id_ej5` int(11) NOT NULL,
  `series_ej5` int(11) NOT NULL,
  `repeticiones_ej5` int(11) NOT NULL
) ENGINE=InnoDB DEFAULT CHARSET=utf8mb4;

--
-- Volcado de datos para la tabla `rutinas_viernes`
--

INSERT INTO `rutinas_viernes` (`idusuario`, `id_ej1`, `series_ej1`, `repeticiones_ej1`, `id_ej2`, `series_ej2`, `repeticiones_ej2`, `id_ej3`, `series_ej3`, `repeticiones_ej3`, `id_ej4`, `series_ej4`, `repeticiones_ej4`, `id_ej5`, `series_ej5`, `repeticiones_ej5`) VALUES
(80, 0, 0, 0, 0, 0, 0, 0, 0, 0, 0, 0, 0, 0, 0, 0),
(83, 0, 0, 0, 0, 0, 0, 0, 0, 0, 0, 0, 0, 0, 0, 0);

-- --------------------------------------------------------

--
-- Estructura de tabla para la tabla `turnos`
--

CREATE TABLE `turnos` (
  `idturno` int(11) NOT NULL,
  `idusuario` int(11) NOT NULL,
  `identrenador` int(11) NOT NULL,
  `modalidad` int(11) NOT NULL,
  `fechahora` varchar(255) NOT NULL,
  `estado` int(11) NOT NULL,
  `usuario_cliente` varchar(255) NOT NULL,
  `usuario_entrenador` varchar(255) NOT NULL
) ENGINE=InnoDB DEFAULT CHARSET=utf8mb4;

--
-- Volcado de datos para la tabla `turnos`
--

INSERT INTO `turnos` (`idturno`, `idusuario`, `identrenador`, `modalidad`, `fechahora`, `estado`, `usuario_cliente`, `usuario_entrenador`) VALUES
(5, 83, 91, 2, '21-09-2022 18:46', 0, '', ''),
(6, 83, 91, 2, '30-09-2022 16:36', 0, '', ''),
(7, 83, 80, 1, '21-09-2022 19:57', 0, '', ''),
(8, 83, 80, 1, '', 0, '', ''),
(9, 83, 80, 1, '18-09-2022 19:57', 0, '', ''),
(10, 83, 89, 1, '', 0, 'CLIENTE', 'agustin'),
(11, 83, 89, 1, '', 0, 'CLIENTE', 'agustin');

--
-- Índices para tablas volcadas
--

--
-- Indices de la tabla `chats`
--
ALTER TABLE `chats`
  ADD PRIMARY KEY (`id_cha`);

--
-- Indices de la tabla `clases`
--
ALTER TABLE `clases`
  ADD PRIMARY KEY (`idclase`);

--
-- Indices de la tabla `clases_clientes`
--
ALTER TABLE `clases_clientes`
  ADD UNIQUE KEY `ai_id` (`ai_id`);

--
-- Indices de la tabla `c_chats`
--
ALTER TABLE `c_chats`
  ADD PRIMARY KEY (`id_cch`);

--
-- Indices de la tabla `datos`
--
ALTER TABLE `datos`
  ADD PRIMARY KEY (`idusuario`),
  ADD UNIQUE KEY `dni` (`dni`),
  ADD UNIQUE KEY `usuario` (`usuario`),
  ADD KEY `id_rol` (`id_rol`),
  ADD KEY `id_rol_2` (`id_rol`);

--
-- Indices de la tabla `ejercicios`
--
ALTER TABLE `ejercicios`
  ADD PRIMARY KEY (`id_ejercicio`);

--
-- Indices de la tabla `roles`
--
ALTER TABLE `roles`
  ADD PRIMARY KEY (`id`);

--
-- Indices de la tabla `rutinas_jueves`
--
ALTER TABLE `rutinas_jueves`
  ADD PRIMARY KEY (`idusuario`);

--
-- Indices de la tabla `rutinas_lunes`
--
ALTER TABLE `rutinas_lunes`
  ADD PRIMARY KEY (`idusuario`);

--
-- Indices de la tabla `rutinas_martes`
--
ALTER TABLE `rutinas_martes`
  ADD PRIMARY KEY (`idusuario`);

--
-- Indices de la tabla `rutinas_miercoles`
--
ALTER TABLE `rutinas_miercoles`
  ADD PRIMARY KEY (`idusuario`);

--
-- Indices de la tabla `rutinas_sabado`
--
ALTER TABLE `rutinas_sabado`
  ADD PRIMARY KEY (`idusuario`);

--
-- Indices de la tabla `rutinas_viernes`
--
ALTER TABLE `rutinas_viernes`
  ADD PRIMARY KEY (`idusuario`);

--
-- Indices de la tabla `turnos`
--
ALTER TABLE `turnos`
  ADD PRIMARY KEY (`idturno`);

--
-- AUTO_INCREMENT de las tablas volcadas
--

--
-- AUTO_INCREMENT de la tabla `chats`
--
ALTER TABLE `chats`
  MODIFY `id_cha` int(11) NOT NULL AUTO_INCREMENT, AUTO_INCREMENT=37;

--
-- AUTO_INCREMENT de la tabla `clases`
--
ALTER TABLE `clases`
  MODIFY `idclase` int(11) NOT NULL AUTO_INCREMENT, AUTO_INCREMENT=19;

--
-- AUTO_INCREMENT de la tabla `clases_clientes`
--
ALTER TABLE `clases_clientes`
  MODIFY `ai_id` int(11) NOT NULL AUTO_INCREMENT, AUTO_INCREMENT=72;

--
-- AUTO_INCREMENT de la tabla `c_chats`
--
ALTER TABLE `c_chats`
  MODIFY `id_cch` int(11) NOT NULL AUTO_INCREMENT, AUTO_INCREMENT=12;

--
-- AUTO_INCREMENT de la tabla `datos`
--
ALTER TABLE `datos`
  MODIFY `idusuario` int(9) NOT NULL AUTO_INCREMENT, AUTO_INCREMENT=117;

--
-- AUTO_INCREMENT de la tabla `ejercicios`
--
ALTER TABLE `ejercicios`
  MODIFY `id_ejercicio` int(20) NOT NULL AUTO_INCREMENT, AUTO_INCREMENT=12;

--
-- AUTO_INCREMENT de la tabla `roles`
--
ALTER TABLE `roles`
  MODIFY `id` int(11) NOT NULL AUTO_INCREMENT, AUTO_INCREMENT=4;

--
-- AUTO_INCREMENT de la tabla `turnos`
--
ALTER TABLE `turnos`
  MODIFY `idturno` int(11) NOT NULL AUTO_INCREMENT, AUTO_INCREMENT=12;
COMMIT;

/*!40101 SET CHARACTER_SET_CLIENT=@OLD_CHARACTER_SET_CLIENT */;
/*!40101 SET CHARACTER_SET_RESULTS=@OLD_CHARACTER_SET_RESULTS */;
/*!40101 SET COLLATION_CONNECTION=@OLD_COLLATION_CONNECTION */;
